{
  "custom": {},
  "params": {},
  "props": {
    "defaultSize": {
      "height": 960,
      "width": 1524
    }
  },
  "root": {
    "children": [
      {
        "children": [
          {
            "meta": {
              "name": "AlarmJournalTable"
            },
            "position": {
              "tabIndex": 1
            },
            "props": {
              "columns": {
                "ackUser": {
                  "enabled": true,
                  "width": 150
                },
                "eventId": {
                  "enabled": false
                },
                "eventState": {
                  "strictWidth": true
                },
                "eventTime": {
                  "sort": "descending",
                  "strictWidth": true,
                  "width": 200
                },
                "label": {
                  "order": 2,
                  "width": 200
                },
                "name": {
                  "enabled": true,
                  "strictWidth": true,
                  "width": 250
                },
                "priority": {
                  "strictWidth": true
                }
              },
              "filter": {
                "events": {
                  "acked": false,
                  "active": false,
                  "cleared": false
                },
                "priorities": {
                  "critical": false,
                  "high": false,
                  "low": false,
                  "medium": false
                }
              },
              "name": "SQL_AlarmHistory"
            },
            "type": "ia.display.alarmjournaltable"
          },
          {
            "children": [
              {
                "meta": {
                  "name": "AlarmStatusTable_Active"
                },
                "position": {
                  "basis": "147px"
                },
                "props": {
                  "columns": {
                    "active": {
                      "activeTime": {
                        "sort": "descending",
                        "strictWidth": true
                      },
                      "displayPath": {
                        "enabled": false
                      },
                      "label": {
                        "enabled": true,
                        "order": 4,
                        "width": 200
                      },
                      "name": {
                        "order": 1
                      },
                      "priority": {
                        "order": 6,
                        "width": 50
                      },
                      "source": {
                        "enabled": false
                      },
                      "state": {
                        "order": 5,
                        "strictWidth": true,
                        "width": 150
                      }
                    }
                  },
                  "filters": {
                    "active": {
                      "states": {
                        "activeAcked": false
                      }
                    }
                  },
                  "responsive": {
                    "enabled": true
                  },
                  "toolbar": {
                    "enableActiveTab": false,
                    "enableShelvedTab": false,
                    "enabled": false
                  }
                },
                "type": "ia.display.alarmstatustable"
              },
              {
                "meta": {
                  "name": "AlarmStatusTable_ALL"
                },
                "position": {
                  "basis": "692px",
                  "grow": 1
                },
                "props": {
                  "columns": {
                    "active": {
                      "ackUser": {
                        "enabled": true
                      },
                      "activeTime": {
                        "sort": "descending",
                        "strictWidth": true
                      },
                      "priority": {
                        "strictWidth": true
                      }
                    }
                  },
                  "filters": {
                    "active": {
                      "priorities": {
                        "critical": false,
                        "high": false,
                        "low": false,
                        "medium": false
                      },
                      "states": {
                        "activeAcked": false,
                        "activeUnacked": false,
                        "clearUnacked": false
                      }
                    }
                  },
                  "responsive": {
                    "enabled": true
                  }
                },
                "type": "ia.display.alarmstatustable"
              }
            ],
            "meta": {
              "name": "FlexContainer"
            },
            "props": {
              "direction": "column"
            },
            "type": "ia.container.flex"
          }
        ],
        "meta": {
          "name": "TabContainer"
        },
        "position": {
          "basis": "876px",
          "grow": 1
        },
        "props": {
          "menuType": "modern",
          "tabs": [
            "Realtime",
            "Historical"
          ]
        },
        "type": "ia.container.tab"
      }
    ],
    "meta": {
      "name": "root"
    },
    "props": {
      "direction": "column"
    },
    "type": "ia.container.flex"
  }
}