{
  "custom": {},
  "params": {
    "mess": "value"
  },
  "propConfig": {
    "params.mess": {
      "paramDirection": "input",
      "persistent": true
    }
  },
  "props": {
    "defaultSize": {
      "height": 147,
      "width": 271
    }
  },
  "root": {
    "children": [
      {
        "children": [
          {
            "meta": {
              "name": "Icon"
            },
            "position": {
              "basis": "63px",
              "grow": 1
            },
            "props": {
              "path": "material/warning",
              "style": {
                "marginLeft": 10
              }
            },
            "type": "ia.display.icon"
          },
          {
            "meta": {
              "name": "Label"
            },
            "position": {
              "basis": "280px",
              "grow": 1
            },
            "props": {
              "text": "¡Advertencia!",
              "textStyle": {
                "fontSize": 25,
                "fontWeight": "bold",
                "paddingLeft": 10,
                "textAlign": "left"
              }
            },
            "type": "ia.display.label"
          }
        ],
        "meta": {
          "name": "FlexContainer"
        },
        "position": {
          "basis": "200px",
          "grow": 1
        },
        "props": {
          "style": {
            "marginTop": 5
          }
        },
        "type": "ia.container.flex"
      },
      {
        "meta": {
          "name": "Label"
        },
        "position": {
          "basis": "400px",
          "grow": 1
        },
        "propConfig": {
          "props.text": {
            "binding": {
              "config": {
                "path": "view.params.mess"
              },
              "type": "property"
            }
          }
        },
        "props": {
          "style": {
            "backgroundColor": "--error",
            "borderBottomLeftRadius": 5,
            "borderBottomRightRadius": 5,
            "borderColor": "--neutral-100",
            "borderStyle": "solid",
            "borderTopLeftRadius": 5,
            "borderTopRightRadius": 5,
            "borderWidth": 1,
            "color": "#ffffff",
            "fontWeight": "bold",
            "marginBottom": 5,
            "marginLeft": 3,
            "marginRight": 3,
            "marginTop": 5,
            "textAlign": "center"
          }
        },
        "type": "ia.display.label"
      }
    ],
    "meta": {
      "name": "root"
    },
    "props": {
      "direction": "column",
      "style": {
        "backgroundColor": "--neutral-10"
      }
    },
    "type": "ia.container.flex"
  }
}