{
  "custom": {},
  "params": {
    "IPaddress": "xx.xx.xx.xx",
    "Name": "xxxx",
    "StsCOM": false
  },
  "propConfig": {
    "params.IPaddress": {
      "paramDirection": "input",
      "persistent": true
    },
    "params.Name": {
      "paramDirection": "input",
      "persistent": true
    },
    "params.StsCOM": {
      "paramDirection": "input",
      "persistent": true
    }
  },
  "props": {
    "defaultSize": {
      "height": 110,
      "width": 156
    }
  },
  "root": {
    "children": [
      {
        "meta": {
          "name": "Label"
        },
        "position": {
          "basis": "22px"
        },
        "propConfig": {
          "props.text": {
            "binding": {
              "config": {
                "path": "view.params.Name"
              },
              "type": "property"
            }
          }
        },
        "props": {
          "style": {
            "classes": "Clean_Rooms/Text"
          }
        },
        "type": "ia.display.label"
      },
      {
        "children": [
          {
            "meta": {
              "name": "Label"
            },
            "position": {
              "height": 50.79,
              "width": 84.65,
              "y": 12.06
            },
            "props": {
              "style": {
                "borderBottomLeftRadius": 1,
                "borderBottomRightRadius": 1,
                "borderStyle": "solid",
                "borderTopLeftRadius": 1,
                "borderTopRightRadius": 1
              }
            },
            "type": "ia.display.label"
          },
          {
            "meta": {
              "name": "Label_0"
            },
            "position": {
              "height": 77.46,
              "width": 85.11
            },
            "props": {
              "style": {
                "borderBottomLeftRadius": 1,
                "borderBottomRightRadius": 1,
                "borderStyle": "solid",
                "borderTopLeftRadius": 1,
                "borderTopRightRadius": 1
              }
            },
            "type": "ia.display.label"
          },
          {
            "meta": {
              "name": "Icon"
            },
            "position": {
              "height": 6.35,
              "width": 6.51,
              "x": 8.47,
              "y": 5.08
            },
            "props": {
              "path": "material/lens"
            },
            "type": "ia.display.icon"
          },
          {
            "meta": {
              "name": "Icon_0"
            },
            "position": {
              "height": 6.35,
              "width": 6.51,
              "x": 24.09,
              "y": 5.08
            },
            "props": {
              "path": "material/lens"
            },
            "type": "ia.display.icon"
          },
          {
            "meta": {
              "name": "Icon_1"
            },
            "position": {
              "height": 6.35,
              "width": 6.51,
              "x": 39.72,
              "y": 5.08
            },
            "props": {
              "path": "material/lens"
            },
            "type": "ia.display.icon"
          },
          {
            "meta": {
              "name": "Icon_2"
            },
            "position": {
              "height": 6.35,
              "width": 6.51,
              "x": 55.35,
              "y": 5.08
            },
            "props": {
              "path": "material/lens"
            },
            "type": "ia.display.icon"
          },
          {
            "meta": {
              "name": "Icon_3"
            },
            "position": {
              "height": 6.35,
              "width": 6.51,
              "x": 9.77,
              "y": 66.03
            },
            "props": {
              "path": "material/lens"
            },
            "type": "ia.display.icon"
          },
          {
            "meta": {
              "name": "Icon_4"
            },
            "position": {
              "height": 6.35,
              "width": 6.51,
              "x": 25.39,
              "y": 66.03
            },
            "props": {
              "path": "material/lens"
            },
            "type": "ia.display.icon"
          },
          {
            "meta": {
              "name": "Icon_5"
            },
            "position": {
              "height": 6.35,
              "width": 6.51,
              "x": 41.03,
              "y": 66.03
            },
            "props": {
              "path": "material/lens"
            },
            "type": "ia.display.icon"
          },
          {
            "meta": {
              "name": "Icon_6"
            },
            "position": {
              "height": 6.35,
              "width": 6.51,
              "x": 56.65,
              "y": 66.03
            },
            "props": {
              "path": "material/lens"
            },
            "type": "ia.display.icon"
          },
          {
            "meta": {
              "name": "Label_1"
            },
            "position": {
              "height": 20.32,
              "width": 27.36,
              "x": 24.09,
              "y": 22.22
            },
            "props": {
              "style": {
                "borderBottomLeftRadius": 2,
                "borderBottomRightRadius": 2,
                "borderStyle": "solid",
                "borderTopLeftRadius": 2,
                "borderTopRightRadius": 2
              }
            },
            "type": "ia.display.label"
          },
          {
            "meta": {
              "name": "Icon_7"
            },
            "position": {
              "height": 7.62,
              "width": 7.82,
              "x": 10.41,
              "y": 41.9
            },
            "props": {
              "path": "material/panorama_fish_eye"
            },
            "type": "ia.display.icon"
          },
          {
            "meta": {
              "name": "Icon_8"
            },
            "position": {
              "height": 7.62,
              "width": 7.82,
              "x": 10.41,
              "y": 31.74
            },
            "props": {
              "path": "material/panorama_fish_eye"
            },
            "type": "ia.display.icon"
          },
          {
            "meta": {
              "name": "Icon_9"
            },
            "position": {
              "height": 7.62,
              "width": 7.82,
              "x": 10.41,
              "y": 21.58
            },
            "props": {
              "path": "material/panorama_fish_eye"
            },
            "type": "ia.display.icon"
          },
          {
            "meta": {
              "name": "Icon_10"
            },
            "position": {
              "height": 12.7,
              "width": 15.63,
              "x": 29.95,
              "y": 44.45
            },
            "props": {
              "path": "material/settings_overscan"
            },
            "type": "ia.display.icon"
          },
          {
            "meta": {
              "name": "Icon_11"
            },
            "position": {
              "height": 6.35,
              "width": 6.51,
              "x": 72.28,
              "y": 66.03
            },
            "props": {
              "path": "material/lens"
            },
            "type": "ia.display.icon"
          },
          {
            "meta": {
              "name": "Icon_12"
            },
            "position": {
              "height": 6.35,
              "width": 6.51,
              "x": 70.98,
              "y": 5.08
            },
            "props": {
              "path": "material/lens"
            },
            "type": "ia.display.icon"
          },
          {
            "meta": {
              "name": "Icon_13"
            },
            "position": {
              "height": 20.65,
              "width": 16.86,
              "x": 89.75,
              "y": 7.74
            },
            "propConfig": {
              "props.color": {
                "binding": {
                  "config": {
                    "path": "view.params.StsCOM"
                  },
                  "transforms": [
                    {
                      "fallback": "#AAAAAA",
                      "inputType": "scalar",
                      "mappings": [
                        {
                          "input": true,
                          "output": "#47FF47"
                        },
                        {
                          "input": false,
                          "output": "#FF4747"
                        }
                      ],
                      "outputType": "color",
                      "type": "map"
                    }
                  ],
                  "type": "property"
                }
              }
            },
            "props": {
              "path": "material/lens"
            },
            "type": "ia.display.icon"
          },
          {
            "meta": {
              "name": "Label_8"
            },
            "position": {
              "height": 12.83,
              "width": 25.28,
              "x": 109.96,
              "y": 11.62
            },
            "propConfig": {
              "props.text": {
                "binding": {
                  "config": {
                    "path": "view.params.StsCOM"
                  },
                  "transforms": [
                    {
                      "fallback": "error",
                      "inputType": "scalar",
                      "mappings": [
                        {
                          "input": true,
                          "output": "OK"
                        },
                        {
                          "input": false,
                          "output": "Falla"
                        }
                      ],
                      "outputType": "scalar",
                      "type": "map"
                    }
                  ],
                  "type": "property"
                }
              }
            },
            "props": {
              "style": {
                "fontSize": 12
              }
            },
            "type": "ia.display.label"
          },
          {
            "meta": {
              "name": "Label_9"
            },
            "position": {
              "height": 12.83,
              "width": 56.46,
              "x": 89.75,
              "y": 37.45
            },
            "propConfig": {
              "props.text": {
                "binding": {
                  "config": {
                    "path": "view.params.IPaddress"
                  },
                  "type": "property"
                }
              }
            },
            "props": {
              "style": {
                "fontSize": 12
              }
            },
            "type": "ia.display.label"
          }
        ],
        "meta": {
          "name": "CoordinateContainer"
        },
        "position": {
          "basis": "80px"
        },
        "type": "ia.container.coord"
      }
    ],
    "meta": {
      "name": "root"
    },
    "props": {
      "direction": "column"
    },
    "type": "ia.container.flex"
  }
}