{
  "custom": {},
  "params": {
    "ForzarPairing": false
  },
  "propConfig": {
    "params.ForzarPairing": {
      "paramDirection": "input",
      "persistent": true
    }
  },
  "props": {
    "defaultSize": {
      "height": 314,
      "width": 280
    }
  },
  "root": {
    "children": [
      {
        "children": [
          {
            "children": [
              {
                "meta": {
                  "name": "Label"
                },
                "position": {
                  "basis": "32px",
                  "grow": 1
                },
                "props": {
                  "style": {
                    "backgroundColor": "--neutral-30",
                    "borderBottomLeftRadius": "10px",
                    "borderBottomRightRadius": "10px",
                    "borderTopLeftRadius": "10px",
                    "borderTopRightRadius": "10px",
                    "fontWeight": "bold",
                    "marginBottom": "6px",
                    "marginTop": "6px",
                    "paddingLeft": "10px"
                  },
                  "text": "Index"
                },
                "type": "ia.display.label"
              },
              {
                "meta": {
                  "name": "Checkbox"
                },
                "position": {
                  "basis": "111px"
                },
                "propConfig": {
                  "props.selected": {
                    "binding": {
                      "config": {
                        "bidirectional": true,
                        "fallbackDelay": 2.5,
                        "mode": "direct",
                        "tagPath": "[HologicTagProvider_Brev]Hologic/CR/ViewColumns/col0"
                      },
                      "type": "tag"
                    }
                  }
                },
                "props": {
                  "text": "Visualizar"
                },
                "type": "ia.input.checkbox"
              }
            ],
            "meta": {
              "name": "col6"
            },
            "position": {
              "basis": "200px",
              "grow": 1
            },
            "props": {
              "style": {
                "paddingLeft": "10px",
                "paddingRight": "10px"
              }
            },
            "type": "ia.container.flex"
          },
          {
            "children": [
              {
                "meta": {
                  "name": "Label"
                },
                "position": {
                  "basis": "32px",
                  "grow": 1
                },
                "props": {
                  "style": {
                    "backgroundColor": "--neutral-30",
                    "borderBottomLeftRadius": "10px",
                    "borderBottomRightRadius": "10px",
                    "borderTopLeftRadius": "10px",
                    "borderTopRightRadius": "10px",
                    "fontWeight": "bold",
                    "marginBottom": "6px",
                    "marginTop": "6px",
                    "paddingLeft": "10px"
                  },
                  "text": "Fecha PLC"
                },
                "type": "ia.display.label"
              },
              {
                "meta": {
                  "name": "Checkbox"
                },
                "position": {
                  "basis": "111px"
                },
                "propConfig": {
                  "props.selected": {
                    "binding": {
                      "config": {
                        "bidirectional": true,
                        "fallbackDelay": 2.5,
                        "mode": "direct",
                        "tagPath": "[HologicTagProvider_Brev]Hologic/CR/ViewColumns/col1"
                      },
                      "type": "tag"
                    }
                  }
                },
                "props": {
                  "text": "Visualizar"
                },
                "type": "ia.input.checkbox"
              }
            ],
            "meta": {
              "name": "col0"
            },
            "position": {
              "basis": "200px",
              "grow": 1
            },
            "props": {
              "style": {
                "paddingLeft": "10px",
                "paddingRight": "10px"
              }
            },
            "type": "ia.container.flex"
          },
          {
            "children": [
              {
                "meta": {
                  "name": "Label"
                },
                "position": {
                  "basis": "32px",
                  "grow": 1
                },
                "props": {
                  "style": {
                    "backgroundColor": "--neutral-30",
                    "borderBottomLeftRadius": "10px",
                    "borderBottomRightRadius": "10px",
                    "borderTopLeftRadius": "10px",
                    "borderTopRightRadius": "10px",
                    "fontWeight": "bold",
                    "marginBottom": "6px",
                    "marginTop": "6px",
                    "paddingLeft": "10px"
                  },
                  "text": "Fecha Ignition"
                },
                "type": "ia.display.label"
              },
              {
                "meta": {
                  "name": "Checkbox"
                },
                "position": {
                  "basis": "111px"
                },
                "propConfig": {
                  "props.selected": {
                    "binding": {
                      "config": {
                        "bidirectional": true,
                        "fallbackDelay": 2.5,
                        "mode": "direct",
                        "tagPath": "[HologicTagProvider_Brev]Hologic/CR/ViewColumns/col2"
                      },
                      "type": "tag"
                    }
                  }
                },
                "props": {
                  "text": "Visualizar"
                },
                "type": "ia.input.checkbox"
              }
            ],
            "meta": {
              "name": "col1"
            },
            "position": {
              "basis": "200px",
              "grow": 1
            },
            "props": {
              "style": {
                "paddingLeft": "10px",
                "paddingRight": "10px"
              }
            },
            "type": "ia.container.flex"
          },
          {
            "children": [
              {
                "meta": {
                  "name": "Label"
                },
                "position": {
                  "basis": "32px",
                  "grow": 1
                },
                "props": {
                  "style": {
                    "backgroundColor": "--neutral-30",
                    "borderBottomLeftRadius": "10px",
                    "borderBottomRightRadius": "10px",
                    "borderTopLeftRadius": "10px",
                    "borderTopRightRadius": "10px",
                    "fontWeight": "bold",
                    "marginBottom": "6px",
                    "marginTop": "6px",
                    "paddingLeft": "10px"
                  },
                  "text": "LotNumber"
                },
                "type": "ia.display.label"
              },
              {
                "meta": {
                  "name": "Checkbox"
                },
                "position": {
                  "basis": "111px"
                },
                "propConfig": {
                  "props.selected": {
                    "binding": {
                      "config": {
                        "bidirectional": true,
                        "fallbackDelay": 2.5,
                        "mode": "direct",
                        "tagPath": "[HologicTagProvider_Brev]Hologic/CR/ViewColumns/col3"
                      },
                      "type": "tag"
                    }
                  }
                },
                "props": {
                  "text": "Visualizar"
                },
                "type": "ia.input.checkbox"
              }
            ],
            "meta": {
              "name": "col2"
            },
            "position": {
              "basis": "200px",
              "grow": 1
            },
            "props": {
              "style": {
                "paddingLeft": "10px",
                "paddingRight": "10px"
              }
            },
            "type": "ia.container.flex"
          },
          {
            "children": [
              {
                "meta": {
                  "name": "Label"
                },
                "position": {
                  "basis": "32px",
                  "grow": 1
                },
                "props": {
                  "style": {
                    "backgroundColor": "--neutral-30",
                    "borderBottomLeftRadius": "10px",
                    "borderBottomRightRadius": "10px",
                    "borderTopLeftRadius": "10px",
                    "borderTopRightRadius": "10px",
                    "fontWeight": "bold",
                    "marginBottom": "6px",
                    "marginTop": "6px",
                    "paddingLeft": "10px"
                  },
                  "text": "PairingDistance"
                },
                "type": "ia.display.label"
              },
              {
                "meta": {
                  "name": "Checkbox"
                },
                "position": {
                  "basis": "111px"
                },
                "propConfig": {
                  "props.selected": {
                    "binding": {
                      "config": {
                        "bidirectional": true,
                        "fallbackDelay": 2.5,
                        "mode": "direct",
                        "tagPath": "[HologicTagProvider_Brev]Hologic/CR/ViewColumns/col4"
                      },
                      "type": "tag"
                    }
                  }
                },
                "props": {
                  "text": "Visualizar"
                },
                "type": "ia.input.checkbox"
              }
            ],
            "meta": {
              "name": "col3"
            },
            "position": {
              "basis": "200px",
              "grow": 1
            },
            "propConfig": {
              "position.display": {
                "binding": {
                  "config": {
                    "path": "view.params.ForzarPairing"
                  },
                  "type": "property"
                }
              }
            },
            "props": {
              "style": {
                "paddingLeft": "10px",
                "paddingRight": "10px"
              }
            },
            "type": "ia.container.flex"
          },
          {
            "children": [
              {
                "meta": {
                  "name": "Label"
                },
                "position": {
                  "basis": "32px",
                  "grow": 1
                },
                "props": {
                  "style": {
                    "backgroundColor": "--neutral-30",
                    "borderBottomLeftRadius": "10px",
                    "borderBottomRightRadius": "10px",
                    "borderTopLeftRadius": "10px",
                    "borderTopRightRadius": "10px",
                    "fontWeight": "bold",
                    "marginBottom": "6px",
                    "marginTop": "6px",
                    "paddingLeft": "10px"
                  },
                  "text": "SKU"
                },
                "type": "ia.display.label"
              },
              {
                "meta": {
                  "name": "Checkbox"
                },
                "position": {
                  "basis": "111px"
                },
                "propConfig": {
                  "props.selected": {
                    "binding": {
                      "config": {
                        "bidirectional": true,
                        "fallbackDelay": 2.5,
                        "mode": "direct",
                        "tagPath": "[HologicTagProvider_Brev]Hologic/CR/ViewColumns/col5"
                      },
                      "type": "tag"
                    }
                  }
                },
                "props": {
                  "text": "Visualizar"
                },
                "type": "ia.input.checkbox"
              }
            ],
            "meta": {
              "name": "col4"
            },
            "position": {
              "basis": "200px",
              "grow": 1
            },
            "props": {
              "style": {
                "paddingLeft": "10px",
                "paddingRight": "10px"
              }
            },
            "type": "ia.container.flex"
          },
          {
            "children": [
              {
                "meta": {
                  "name": "Label"
                },
                "position": {
                  "basis": "32px",
                  "grow": 1
                },
                "props": {
                  "style": {
                    "backgroundColor": "--neutral-30",
                    "borderBottomLeftRadius": "10px",
                    "borderBottomRightRadius": "10px",
                    "borderTopLeftRadius": "10px",
                    "borderTopRightRadius": "10px",
                    "fontWeight": "bold",
                    "marginBottom": "6px",
                    "marginTop": "6px",
                    "paddingLeft": "10px"
                  },
                  "text": "Fixture"
                },
                "type": "ia.display.label"
              },
              {
                "meta": {
                  "name": "Checkbox"
                },
                "position": {
                  "basis": "111px"
                },
                "propConfig": {
                  "props.selected": {
                    "binding": {
                      "config": {
                        "bidirectional": true,
                        "fallbackDelay": 2.5,
                        "mode": "direct",
                        "tagPath": "[HologicTagProvider_Brev]Hologic/CR/ViewColumns/col6"
                      },
                      "type": "tag"
                    }
                  }
                },
                "props": {
                  "text": "Visualizar"
                },
                "type": "ia.input.checkbox"
              }
            ],
            "meta": {
              "name": "col5"
            },
            "position": {
              "basis": "200px",
              "grow": 1
            },
            "props": {
              "style": {
                "paddingLeft": "10px",
                "paddingRight": "10px"
              }
            },
            "type": "ia.container.flex"
          },
          {
            "children": [
              {
                "meta": {
                  "name": "Label"
                },
                "position": {
                  "basis": "32px",
                  "grow": 1
                },
                "props": {
                  "style": {
                    "backgroundColor": "--neutral-30",
                    "borderBottomLeftRadius": "10px",
                    "borderBottomRightRadius": "10px",
                    "borderTopLeftRadius": "10px",
                    "borderTopRightRadius": "10px",
                    "fontWeight": "bold",
                    "marginBottom": "6px",
                    "marginTop": "6px",
                    "paddingLeft": "10px"
                  },
                  "text": "Site"
                },
                "type": "ia.display.label"
              },
              {
                "meta": {
                  "name": "Checkbox"
                },
                "position": {
                  "basis": "111px"
                },
                "propConfig": {
                  "props.selected": {
                    "binding": {
                      "config": {
                        "bidirectional": true,
                        "fallbackDelay": 2.5,
                        "mode": "direct",
                        "tagPath": "[HologicTagProvider_Brev]Hologic/CR/ViewColumns/col7"
                      },
                      "type": "tag"
                    }
                  }
                },
                "props": {
                  "text": "Visualizar"
                },
                "type": "ia.input.checkbox"
              }
            ],
            "meta": {
              "name": "col7"
            },
            "position": {
              "basis": "200px",
              "grow": 1
            },
            "props": {
              "style": {
                "paddingLeft": "10px",
                "paddingRight": "10px"
              }
            },
            "type": "ia.container.flex"
          }
        ],
        "meta": {
          "name": "FlexContainer"
        },
        "position": {
          "basis": "358px",
          "grow": 1
        },
        "props": {
          "direction": "column",
          "style": {
            "backgroundColor": "--neutral-20"
          }
        },
        "type": "ia.container.flex"
      }
    ],
    "meta": {
      "name": "root"
    },
    "props": {
      "direction": "column"
    },
    "type": "ia.container.flex"
  }
}