{
  "custom": {},
  "params": {
    "IPaddress": "xx.xx.xx.xx",
    "Name": "XXXX",
    "StsCOM": false
  },
  "propConfig": {
    "params.IPaddress": {
      "paramDirection": "input",
      "persistent": true
    },
    "params.Name": {
      "paramDirection": "input",
      "persistent": true
    },
    "params.StsCOM": {
      "paramDirection": "input",
      "persistent": true
    }
  },
  "props": {
    "defaultSize": {
      "height": 186,
      "width": 194
    }
  },
  "root": {
    "children": [
      {
        "meta": {
          "name": "Label"
        },
        "position": {
          "basis": "22px"
        },
        "propConfig": {
          "props.text": {
            "binding": {
              "config": {
                "path": "view.params.Name"
              },
              "type": "property"
            }
          }
        },
        "props": {
          "style": {
            "classes": "Clean_Rooms/Text"
          }
        },
        "type": "ia.display.label"
      },
      {
        "children": [
          {
            "meta": {
              "name": "Label"
            },
            "position": {
              "height": 80,
              "width": 48.05,
              "x": 5.7,
              "y": 3.5
            },
            "props": {
              "style": {
                "borderBottomLeftRadius": 1,
                "borderBottomRightRadius": 1,
                "borderStyle": "solid",
                "borderTopLeftRadius": 1,
                "borderTopRightRadius": 1,
                "borderWidth": 1
              }
            },
            "type": "ia.display.label"
          },
          {
            "meta": {
              "name": "Label_0"
            },
            "position": {
              "height": 11.06,
              "width": 11.53,
              "x": 13.37,
              "y": 31.9
            },
            "props": {
              "style": {
                "borderBottomLeftRadius": 1,
                "borderBottomRightRadius": 1,
                "borderStyle": "solid",
                "borderTopLeftRadius": 1,
                "borderTopRightRadius": 1,
                "borderWidth": 1
              }
            },
            "type": "ia.display.label"
          },
          {
            "meta": {
              "name": "Label_1"
            },
            "position": {
              "height": 11.06,
              "width": 11.53,
              "x": 13.37,
              "y": 52.87
            },
            "props": {
              "style": {
                "borderBottomLeftRadius": 1,
                "borderBottomRightRadius": 1,
                "borderStyle": "solid",
                "borderTopLeftRadius": 1,
                "borderTopRightRadius": 1,
                "borderWidth": 1
              }
            },
            "type": "ia.display.label"
          },
          {
            "meta": {
              "name": "Label_3"
            },
            "position": {
              "height": 11.07,
              "width": 16.34,
              "x": 12.52,
              "y": 8.46
            },
            "props": {
              "style": {
                "borderBottomLeftRadius": 1,
                "borderBottomRightRadius": 1,
                "borderStyle": "solid",
                "borderTopLeftRadius": 1,
                "borderTopRightRadius": 1,
                "borderWidth": 1
              }
            },
            "type": "ia.display.label"
          },
          {
            "meta": {
              "name": "Label_4"
            },
            "position": {
              "height": 80,
              "width": 24.99,
              "x": 53.72,
              "y": 3.5
            },
            "props": {
              "style": {
                "borderBottomLeftRadius": 1,
                "borderBottomRightRadius": 1,
                "borderStyle": "solid",
                "borderTopLeftRadius": 1,
                "borderTopRightRadius": 1,
                "borderWidth": 1
              }
            },
            "type": "ia.display.label"
          },
          {
            "meta": {
              "name": "Label_5"
            },
            "position": {
              "height": 11.07,
              "width": 13.46,
              "x": 59.69,
              "y": 7.37
            },
            "props": {
              "style": {
                "borderBottomLeftRadius": 1,
                "borderBottomRightRadius": 1,
                "borderStyle": "solid",
                "borderTopLeftRadius": 1,
                "borderTopRightRadius": 1,
                "borderWidth": 1
              }
            },
            "type": "ia.display.label"
          },
          {
            "meta": {
              "name": "Icon"
            },
            "position": {
              "height": 3.4,
              "width": 4.81,
              "x": 69.98,
              "y": 22.94
            },
            "props": {
              "path": "material/lens"
            },
            "type": "ia.display.icon"
          },
          {
            "meta": {
              "name": "Icon_0"
            },
            "position": {
              "height": 3.4,
              "width": 4.81,
              "x": 69.98,
              "y": 31.63
            },
            "props": {
              "path": "material/lens"
            },
            "type": "ia.display.icon"
          },
          {
            "meta": {
              "name": "Icon_1"
            },
            "position": {
              "height": 3.4,
              "width": 4.81,
              "x": 69.98,
              "y": 40.31
            },
            "props": {
              "path": "material/lens"
            },
            "type": "ia.display.icon"
          },
          {
            "meta": {
              "name": "Icon_2"
            },
            "position": {
              "height": 3.4,
              "width": 4.81,
              "x": 69.98,
              "y": 49
            },
            "props": {
              "path": "material/lens"
            },
            "type": "ia.display.icon"
          },
          {
            "meta": {
              "name": "Label_6"
            },
            "position": {
              "height": 80,
              "width": 24.99,
              "x": 79.1,
              "y": 3.5
            },
            "props": {
              "style": {
                "borderBottomLeftRadius": 1,
                "borderBottomRightRadius": 1,
                "borderStyle": "solid",
                "borderTopLeftRadius": 1,
                "borderTopRightRadius": 1,
                "borderWidth": 1
              }
            },
            "type": "ia.display.label"
          },
          {
            "meta": {
              "name": "Label_7"
            },
            "position": {
              "height": 11.07,
              "width": 13.45,
              "x": 85.93,
              "y": 7.37
            },
            "props": {
              "style": {
                "borderBottomLeftRadius": 1,
                "borderBottomRightRadius": 1,
                "borderStyle": "solid",
                "borderTopLeftRadius": 1,
                "borderTopRightRadius": 1,
                "borderWidth": 1
              }
            },
            "type": "ia.display.label"
          },
          {
            "meta": {
              "name": "Icon_3"
            },
            "position": {
              "height": 3.4,
              "width": 4.8,
              "x": 93.84,
              "y": 22.94
            },
            "props": {
              "path": "material/lens"
            },
            "type": "ia.display.icon"
          },
          {
            "meta": {
              "name": "Icon_4"
            },
            "position": {
              "height": 3.4,
              "width": 4.8,
              "x": 93.84,
              "y": 31.63
            },
            "props": {
              "path": "material/lens"
            },
            "type": "ia.display.icon"
          },
          {
            "meta": {
              "name": "Icon_5"
            },
            "position": {
              "height": 3.4,
              "width": 4.8,
              "x": 93.84,
              "y": 40.31
            },
            "props": {
              "path": "material/lens"
            },
            "type": "ia.display.icon"
          },
          {
            "meta": {
              "name": "Icon_6"
            },
            "position": {
              "height": 3.4,
              "width": 4.8,
              "x": 93.84,
              "y": 49
            },
            "props": {
              "path": "material/lens"
            },
            "type": "ia.display.icon"
          },
          {
            "meta": {
              "name": "Label_2"
            },
            "position": {
              "height": 11.06,
              "width": 19.22,
              "x": 22.31,
              "y": 69.16
            },
            "props": {
              "style": {
                "fontSize": 9
              },
              "text": "CPX"
            },
            "type": "ia.display.label"
          },
          {
            "meta": {
              "name": "Icon_7"
            },
            "position": {
              "height": 17.87,
              "width": 16.34,
              "x": 113.41,
              "y": 8.81
            },
            "propConfig": {
              "props.color": {
                "binding": {
                  "config": {
                    "path": "view.params.StsCOM"
                  },
                  "transforms": [
                    {
                      "fallback": "#AAAAAA",
                      "inputType": "scalar",
                      "mappings": [
                        {
                          "input": true,
                          "output": "#47FF47"
                        },
                        {
                          "input": false,
                          "output": "#FF4747"
                        }
                      ],
                      "outputType": "color",
                      "type": "map"
                    }
                  ],
                  "type": "property"
                }
              }
            },
            "props": {
              "path": "material/lens"
            },
            "type": "ia.display.icon"
          },
          {
            "meta": {
              "name": "Label_8"
            },
            "position": {
              "height": 11.06,
              "width": 24.98,
              "x": 132.58,
              "y": 12.3
            },
            "propConfig": {
              "props.text": {
                "binding": {
                  "config": {
                    "path": "view.params.StsCOM"
                  },
                  "transforms": [
                    {
                      "fallback": null,
                      "inputType": "scalar",
                      "mappings": [
                        {
                          "input": true,
                          "output": "OK"
                        },
                        {
                          "input": false,
                          "output": "Falla"
                        }
                      ],
                      "outputType": "scalar",
                      "type": "map"
                    }
                  ],
                  "type": "property"
                }
              }
            },
            "props": {
              "style": {
                "fontSize": 12
              }
            },
            "type": "ia.display.label"
          },
          {
            "meta": {
              "name": "Label_9"
            },
            "position": {
              "height": 4.26,
              "width": 5.77,
              "x": 13.37,
              "y": 23.33
            },
            "props": {
              "style": {
                "borderBottomLeftRadius": 1,
                "borderBottomRightRadius": 1,
                "borderStyle": "solid",
                "borderTopLeftRadius": 1,
                "borderTopRightRadius": 1,
                "borderWidth": 1
              }
            },
            "type": "ia.display.label"
          },
          {
            "meta": {
              "name": "Label_10"
            },
            "position": {
              "height": 4.25,
              "width": 5.77,
              "x": 23.59,
              "y": 23.36
            },
            "props": {
              "style": {
                "borderBottomLeftRadius": 1,
                "borderBottomRightRadius": 1,
                "borderStyle": "solid",
                "borderTopLeftRadius": 1,
                "borderTopRightRadius": 1,
                "borderWidth": 1
              }
            },
            "type": "ia.display.label"
          },
          {
            "meta": {
              "name": "Label_11"
            },
            "position": {
              "height": 4.25,
              "width": 5.77,
              "x": 33.81,
              "y": 23.36
            },
            "props": {
              "style": {
                "borderBottomLeftRadius": 1,
                "borderBottomRightRadius": 1,
                "borderStyle": "solid",
                "borderTopLeftRadius": 1,
                "borderTopRightRadius": 1,
                "borderWidth": 1
              }
            },
            "type": "ia.display.label"
          },
          {
            "meta": {
              "name": "Label_12"
            },
            "position": {
              "height": 11.06,
              "width": 65.35,
              "x": 113,
              "y": 34.83
            },
            "propConfig": {
              "props.text": {
                "binding": {
                  "config": {
                    "path": "view.params.IPaddress"
                  },
                  "type": "property"
                }
              }
            },
            "props": {
              "style": {
                "fontSize": 12
              }
            },
            "type": "ia.display.label"
          }
        ],
        "meta": {
          "name": "CoordinateContainer"
        },
        "position": {
          "basis": "106px"
        },
        "type": "ia.container.coord"
      }
    ],
    "meta": {
      "name": "root"
    },
    "props": {
      "direction": "column"
    },
    "type": "ia.container.flex"
  }
}