{
  "custom": {
    "cpu": 12,
    "host": "SIQ-11WX2T3",
    "ip": "192.168.100.234",
    "memInUse": "value",
    "memTot": "value",
    "misRoles": "Actualmente sin permisos",
    "os": "Windows 10",
    "usr": "SIQ-11WX2T3$"
  },
  "events": {
    "system": {
      "onStartup": {
        "config": {
          "script": "\t\t# Ejecutar comando en el sistema operativo (Windows)\n\tfrom java.lang import System\n\tfrom java.lang import Runtime\n\t\t\n\tos\u003dSystem.getProperty(\"os.name\")\n\tuser\u003dSystem.getProperty(\"user.name\")\n\tprocesadores\u003dRuntime.getRuntime().availableProcessors() \n\n\tip \u003d system.net.getIpAddress()\n\n\tself.custom.os\t\u003d os\n\tself.custom.usr\t\u003d user\n\tself.custom.ip\t\u003d ip\n\tself.custom.cpu\t\u003d procesadores\n\tself.custom.host \u003d system.net.getHostName()"
        },
        "scope": "G",
        "type": "script"
      }
    }
  },
  "params": {},
  "propConfig": {
    "custom.cpu": {
      "persistent": true
    },
    "custom.host": {
      "persistent": true
    },
    "custom.ip": {
      "persistent": true
    },
    "custom.memInUse": {
      "persistent": true
    },
    "custom.memTot": {
      "persistent": true
    },
    "custom.misRoles": {
      "binding": {
        "config": {
          "fallbackDelay": 2.5,
          "mode": "direct",
          "tagPath": "[edge]IREX/TresRios_Cartago/SecurityDoc"
        },
        "transforms": [
          {
            "code": "\tvalue\u003dself.session.props.id\n\tlista \u003d list(permisos.listaDeRoles(value))\n\tnumPermisos\u003dlen(lista)\n\tvalue\n\tif numPermisos\u003d\u003d0:\n\t\treturn \"Actualmente sin permisos\"\n\t\n\telse:\n\t\tlistaPermisos\u003dlista[0]\n\t\t\n\t\tfor i in range(1, numPermisos):\n\t\t\tlistaPermisos+\u003d\" - \"+lista[i]\n\t\treturn listaPermisos",
            "type": "script"
          }
        ],
        "type": "tag"
      },
      "persistent": true
    },
    "custom.os": {
      "persistent": true
    }
  },
  "props": {
    "defaultSize": {
      "height": 343,
      "width": 503
    }
  },
  "root": {
    "children": [
      {
        "meta": {
          "name": "Label"
        },
        "position": {
          "basis": "51px"
        },
        "props": {
          "style": {
            "backgroundColor": "--qual-2",
            "borderBottomLeftRadius": 5,
            "borderBottomRightRadius": 30,
            "borderTopLeftRadius": 5,
            "borderTopRightRadius": 30,
            "color": "--neutral-100",
            "fontSize": 30,
            "fontWeight": "bolder",
            "paddingLeft": 10,
            "paddingRight": 10
          },
          "text": "Información del sistema:"
        },
        "type": "ia.display.label"
      },
      {
        "children": [
          {
            "children": [
              {
                "meta": {
                  "name": "Icon"
                },
                "position": {
                  "basis": "30px"
                },
                "props": {
                  "path": "material/computer"
                },
                "type": "ia.display.icon"
              },
              {
                "meta": {
                  "name": "Label"
                },
                "position": {
                  "basis": "19px",
                  "grow": 1
                },
                "props": {
                  "style": {
                    "fontWeight": "bold",
                    "marginLeft": 10,
                    "marginRight": 10
                  },
                  "text": "Sistema operativo"
                },
                "type": "ia.display.label"
              },
              {
                "meta": {
                  "name": "Label_0"
                },
                "position": {
                  "basis": "124px",
                  "grow": 1
                },
                "propConfig": {
                  "props.text": {
                    "binding": {
                      "config": {
                        "path": "view.custom.os"
                      },
                      "type": "property"
                    }
                  }
                },
                "props": {
                  "style": {
                    "backgroundColor": "--neutral-40",
                    "borderBottomLeftRadius": 10,
                    "borderBottomRightRadius": 10,
                    "borderTopLeftRadius": 10,
                    "borderTopRightRadius": 10,
                    "fontFamily": "Roboto",
                    "fontWeight": "bolder",
                    "marginLeft": 10,
                    "marginRight": 10,
                    "textAlign": "center"
                  }
                },
                "type": "ia.display.label"
              }
            ],
            "meta": {
              "name": "data1"
            },
            "position": {
              "basis": "70px"
            },
            "props": {
              "style": {
                "marginTop": "10px"
              }
            },
            "type": "ia.container.flex"
          },
          {
            "children": [
              {
                "meta": {
                  "name": "Icon"
                },
                "position": {
                  "basis": "30px"
                },
                "props": {
                  "path": "material/device_hub"
                },
                "type": "ia.display.icon"
              },
              {
                "meta": {
                  "name": "Label"
                },
                "position": {
                  "basis": "19px",
                  "grow": 1
                },
                "props": {
                  "style": {
                    "fontWeight": "bold",
                    "marginLeft": 10,
                    "marginRight": 10
                  },
                  "text": "IP ADRESS"
                },
                "type": "ia.display.label"
              },
              {
                "meta": {
                  "name": "Label_0"
                },
                "position": {
                  "basis": "124px",
                  "grow": 1
                },
                "propConfig": {
                  "props.text": {
                    "binding": {
                      "config": {
                        "path": "view.custom.ip"
                      },
                      "type": "property"
                    }
                  }
                },
                "props": {
                  "style": {
                    "backgroundColor": "--neutral-40",
                    "borderBottomLeftRadius": 10,
                    "borderBottomRightRadius": 10,
                    "borderTopLeftRadius": 10,
                    "borderTopRightRadius": 10,
                    "fontFamily": "Roboto",
                    "fontWeight": "bolder",
                    "marginLeft": 10,
                    "marginRight": 10,
                    "textAlign": "center"
                  }
                },
                "type": "ia.display.label"
              }
            ],
            "meta": {
              "name": "data4"
            },
            "position": {
              "basis": "70px"
            },
            "props": {
              "style": {
                "marginTop": "10px"
              }
            },
            "type": "ia.container.flex"
          },
          {
            "children": [
              {
                "meta": {
                  "name": "Icon"
                },
                "position": {
                  "basis": "30px"
                },
                "props": {
                  "path": "material/home"
                },
                "type": "ia.display.icon"
              },
              {
                "meta": {
                  "name": "Label"
                },
                "position": {
                  "basis": "19px",
                  "grow": 1
                },
                "props": {
                  "style": {
                    "fontWeight": "bold",
                    "marginLeft": 10,
                    "marginRight": 10
                  },
                  "text": "Host-name"
                },
                "type": "ia.display.label"
              },
              {
                "meta": {
                  "name": "Label_0"
                },
                "position": {
                  "basis": "124px",
                  "grow": 1
                },
                "propConfig": {
                  "props.text": {
                    "binding": {
                      "config": {
                        "path": "view.custom.host"
                      },
                      "type": "property"
                    }
                  }
                },
                "props": {
                  "style": {
                    "backgroundColor": "--neutral-40",
                    "borderBottomLeftRadius": 10,
                    "borderBottomRightRadius": 10,
                    "borderTopLeftRadius": 10,
                    "borderTopRightRadius": 10,
                    "fontFamily": "Roboto",
                    "fontWeight": "bolder",
                    "marginLeft": 10,
                    "marginRight": 10,
                    "textAlign": "center"
                  }
                },
                "type": "ia.display.label"
              }
            ],
            "meta": {
              "name": "data3"
            },
            "position": {
              "basis": "55px",
              "grow": 1
            },
            "props": {
              "style": {
                "marginTop": "10px"
              }
            },
            "type": "ia.container.flex"
          },
          {
            "children": [
              {
                "meta": {
                  "name": "Icon"
                },
                "position": {
                  "basis": "30px"
                },
                "props": {
                  "path": "material/supervised_user_circle"
                },
                "type": "ia.display.icon"
              },
              {
                "meta": {
                  "name": "Label"
                },
                "position": {
                  "basis": "19px",
                  "grow": 1
                },
                "props": {
                  "style": {
                    "fontWeight": "bold",
                    "marginLeft": 10,
                    "marginRight": 10
                  },
                  "text": "Roles de usuario"
                },
                "type": "ia.display.label"
              },
              {
                "meta": {
                  "name": "Label_0"
                },
                "position": {
                  "basis": "124px",
                  "grow": 1
                },
                "propConfig": {
                  "props.text": {
                    "binding": {
                      "config": {
                        "path": "view.custom.misRoles"
                      },
                      "type": "property"
                    }
                  }
                },
                "props": {
                  "style": {
                    "backgroundColor": "--neutral-40",
                    "borderBottomLeftRadius": 10,
                    "borderBottomRightRadius": 10,
                    "borderTopLeftRadius": 10,
                    "borderTopRightRadius": 10,
                    "fontFamily": "Roboto",
                    "fontWeight": "bolder",
                    "marginLeft": 10,
                    "marginRight": 10,
                    "textAlign": "center"
                  }
                },
                "type": "ia.display.label"
              }
            ],
            "meta": {
              "name": "data2"
            },
            "position": {
              "basis": "95px",
              "grow": 1
            },
            "props": {
              "style": {
                "marginTop": "10px"
              }
            },
            "type": "ia.container.flex"
          }
        ],
        "meta": {
          "name": "FlexContainer"
        },
        "position": {
          "basis": "200px",
          "grow": 1
        },
        "props": {
          "direction": "column",
          "style": {
            "marginTop": 10
          }
        },
        "type": "ia.container.flex"
      }
    ],
    "meta": {
      "domId": "cont_System_data",
      "name": "root"
    },
    "props": {
      "direction": "column",
      "style": {
        "backgroundColor": "--neutral-20",
        "borderBottomLeftRadius": 10,
        "borderBottomRightRadius": 10,
        "borderTopLeftRadius": 10,
        "borderTopRightRadius": 10,
        "marginBottom": 10,
        "marginLeft": 10,
        "marginRight": 10,
        "marginTop": 10,
        "paddingBottom": 5,
        "paddingLeft": 5,
        "paddingRight": 5,
        "paddingTop": 5
      }
    },
    "type": "ia.container.flex"
  }
}