{
  "custom": {
    "password": "8ba84855f6e975a9260718fb3f03602a0afe55acbbbebe0ba4e271c52b6d7cb3",
    "pin": ""
  },
  "events": {
    "system": {
      "onStartup": {
        "config": {
          "script": "\tself.getChild(\"root\").getChild(\"PasswordField\").props.text\u003d\u0027\u0027"
        },
        "scope": "G",
        "type": "script"
      }
    }
  },
  "params": {
    "destiny_view": "",
    "id": "value",
    "title": "value"
  },
  "propConfig": {
    "custom.password": {
      "binding": {
        "config": {
          "fallbackDelay": 2.5,
          "mode": "direct",
          "publishInitial": false,
          "tagPath": "[HologicTagProvider_Brev]Hologic/CR/Security/Pin"
        },
        "type": "tag"
      },
      "persistent": true
    },
    "custom.pin": {
      "binding": {
        "config": {
          "path": "/root/PasswordField.props.text"
        },
        "transforms": [
          {
            "code": "\treturn str(value)",
            "type": "script"
          }
        ],
        "type": "property"
      },
      "persistent": true
    },
    "params.destiny_view": {
      "paramDirection": "input",
      "persistent": true
    },
    "params.id": {
      "paramDirection": "input",
      "persistent": true
    },
    "params.title": {
      "paramDirection": "input",
      "persistent": true
    }
  },
  "props": {
    "defaultSize": {
      "height": 171,
      "width": 281
    }
  },
  "root": {
    "children": [
      {
        "meta": {
          "name": "Label"
        },
        "position": {
          "basis": "32px"
        },
        "props": {
          "style": {
            "textAlign": "center"
          },
          "text": "Ingrese pin de autorización"
        },
        "type": "ia.display.label"
      },
      {
        "meta": {
          "name": "PasswordField"
        },
        "position": {
          "basis": "38px"
        },
        "props": {
          "style": {
            "marginLeft": 20,
            "marginRight": 5,
            "marginTop": 5
          }
        },
        "type": "ia.input.password-field"
      },
      {
        "meta": {
          "name": "Label_Access"
        },
        "position": {
          "basis": "32px"
        },
        "props": {
          "style": {
            "color": "--indicator",
            "textAlign": "center"
          }
        },
        "type": "ia.display.label"
      },
      {
        "events": {
          "dom": {
            "onClick": {
              "config": {
                "script": "\timport hashlib\n\tpin \u003d str(self.getSibling(\"PasswordField\").props.text)\n\tpin \u003d hashlib.sha256(pin.encode()).hexdigest()\n\t\n\tif pin \u003d\u003d str(self.view.custom.password):\t\t\n\t\t\n\t\tsystem.perspective.openPopup(id\u003dself.view.params.id, view\u003dself.view.params.destiny_view, title\u003dself.view.params.title)\n\t\t\n\t\tself.getSibling(\"Label_Access\").props.text \u003d \"Autorizado\"\n\t\tself.getSibling(\"Label_Access\").props.style.color \u003d \"--indicator\"\n\t\t\n\t\tsystem.perspective.closePopup(\"PopUpConfigCode\")\n\telse:\n\t\tself.getSibling(\"Label_Access\").props.text \u003d \"Denegado\"\n\t\tself.getSibling(\"Label_Access\").props.style.color \u003d \"--error\""
              },
              "scope": "G",
              "type": "script"
            }
          }
        },
        "meta": {
          "name": "Button"
        },
        "position": {
          "basis": "34px"
        },
        "props": {
          "style": {
            "marginBottom": 10,
            "marginLeft": 40,
            "marginRight": 50,
            "marginTop": 10
          },
          "text": "Autorizar"
        },
        "type": "ia.input.button"
      }
    ],
    "meta": {
      "name": "root"
    },
    "props": {
      "direction": "column"
    },
    "type": "ia.container.flex"
  }
}