{
  "custom": {},
  "params": {
    "close": true
  },
  "propConfig": {
    "params.close": {
      "paramDirection": "input",
      "persistent": true
    }
  },
  "props": {
    "defaultSize": {
      "height": 97,
      "width": 245
    },
    "loading": {
      "mode": "blocking"
    }
  },
  "root": {
    "children": [
      {
        "meta": {
          "name": "Icon"
        },
        "position": {
          "basis": "34px"
        },
        "props": {
          "path": "material/info",
          "style": {
            "backgroundColor": "--neutral-40"
          }
        },
        "type": "ia.display.icon"
      },
      {
        "meta": {
          "name": "Label_1"
        },
        "position": {
          "basis": "34px",
          "grow": 1
        },
        "props": {
          "style": {
            "fontSize": 17,
            "fontWeight": "bold",
            "marginBottom": 5,
            "marginLeft": 5,
            "marginRight": 5,
            "marginTop": 15,
            "textAlign": "center"
          },
          "text": "Datos actualizados con éxito",
          "textStyle": {
            "fontFamily": "Roboto"
          }
        },
        "type": "ia.display.label"
      }
    ],
    "events": {
      "system": {
        "onStartup": {
          "config": {
            "script": "\timport time\n\ttime.sleep(3)\n\t\n\tsystem.perspective.closePopup(\"conf\")"
          },
          "scope": "G",
          "type": "script"
        }
      }
    },
    "meta": {
      "name": "root"
    },
    "props": {
      "direction": "column",
      "style": {
        "borderBottomLeftRadius": 1,
        "borderBottomRightRadius": 1,
        "borderStyle": "hidden",
        "borderTopLeftRadius": 1,
        "borderTopRightRadius": 1
      }
    },
    "type": "ia.container.flex"
  }
}