{
  "custom": {
    "Estad": {
      "Cantidad_registros": 0,
      "Desviacion_STD": 0,
      "Excedieron_maximo": 0,
      "Excedieron_minimo": 0,
      "Kurtosis": 0,
      "Mediana": 0,
      "Piezas_buenas": 0,
      "Piezas_buenas_porc": 0,
      "Promedio": 0,
      "Varianza": 0,
      "max": 0,
      "min": 0,
      "quart_1": 0,
      "quart_2": 0,
      "quart_3": 0
    }
  },
  "params": {},
  "propConfig": {
    "custom.Estad": {
      "binding": {
        "config": {
          "fallbackDelay": 2.5,
          "mode": "direct",
          "publishInitial": false,
          "tagPath": "[HologicTagProvider_Brev]Hologic/CR/Reporte/Estadisticas_PD"
        },
        "type": "tag"
      },
      "persistent": true
    }
  },
  "props": {
    "defaultSize": {
      "height": 161,
      "width": 557
    }
  },
  "root": {
    "children": [
      {
        "children": [
          {
            "meta": {
              "name": "valores_1"
            },
            "position": {
              "basis": "48px",
              "grow": 1
            },
            "propConfig": {
              "props.params.value": {
                "binding": {
                  "config": {
                    "path": "view.custom.Estad.Promedio"
                  },
                  "type": "property"
                }
              }
            },
            "props": {
              "params": {
                "label": "Promedio"
              },
              "path": "Templates/valores",
              "style": {
                "marginBottom": "5px",
                "marginTop": "5px"
              }
            },
            "type": "ia.display.view"
          },
          {
            "meta": {
              "name": "valores_3"
            },
            "position": {
              "basis": "48px",
              "grow": 1
            },
            "propConfig": {
              "props.params.value": {
                "binding": {
                  "config": {
                    "path": "view.custom.Estad.Desviacion_STD"
                  },
                  "type": "property"
                }
              }
            },
            "props": {
              "params": {
                "label": "Desviación"
              },
              "path": "Templates/valores",
              "style": {
                "marginBottom": "5px",
                "marginTop": "5px"
              }
            },
            "type": "ia.display.view"
          }
        ],
        "meta": {
          "domId": "shadow_box",
          "name": "FlexContainer"
        },
        "position": {
          "basis": "200px",
          "grow": 1
        },
        "props": {
          "direction": "column",
          "style": {
            "backgroundColor": "--neutral-30",
            "borderBottomLeftRadius": "30px",
            "borderBottomRightRadius": "30px",
            "borderTopLeftRadius": "20px",
            "borderTopRightRadius": "30px",
            "marginBottom": "10px",
            "marginLeft": "10px",
            "marginRight": "10px",
            "marginTop": "10px",
            "paddingBottom": "10px",
            "paddingLeft": "10px",
            "paddingRight": "10px",
            "paddingTop": "10px"
          }
        },
        "type": "ia.container.flex"
      }
    ],
    "meta": {
      "name": "root"
    },
    "props": {
      "direction": "column"
    },
    "type": "ia.container.flex"
  }
}