{
  "custom": {},
  "params": {
    "IPaddress": "xx.xx.xx.xx",
    "Name": "xxxx",
    "StsCOM": false
  },
  "propConfig": {
    "params.IPaddress": {
      "paramDirection": "input",
      "persistent": true
    },
    "params.Name": {
      "paramDirection": "input",
      "persistent": true
    },
    "params.StsCOM": {
      "paramDirection": "input",
      "persistent": true
    }
  },
  "props": {
    "defaultSize": {
      "height": 92,
      "width": 165
    }
  },
  "root": {
    "children": [
      {
        "meta": {
          "name": "Label"
        },
        "position": {
          "basis": "22px"
        },
        "propConfig": {
          "props.text": {
            "binding": {
              "config": {
                "path": "view.params.Name"
              },
              "type": "property"
            }
          }
        },
        "props": {
          "style": {
            "classes": "Clean_Rooms/Text"
          }
        },
        "type": "ia.display.label"
      },
      {
        "children": [
          {
            "meta": {
              "name": "Label"
            },
            "position": {
              "height": 69.34,
              "width": 80.8,
              "y": 0.87
            },
            "props": {
              "style": {
                "borderBottomLeftRadius": 1,
                "borderBottomRightRadius": 1,
                "borderStyle": "solid",
                "borderTopLeftRadius": 1,
                "borderTopRightRadius": 1
              }
            },
            "type": "ia.display.label"
          },
          {
            "meta": {
              "name": "Label_1"
            },
            "position": {
              "height": 45.66,
              "width": 61.78,
              "x": 8.93,
              "y": 9.22
            },
            "props": {
              "style": {
                "borderBottomLeftRadius": 2,
                "borderBottomRightRadius": 2,
                "borderStyle": "solid",
                "borderTopLeftRadius": 2,
                "borderTopRightRadius": 2
              }
            },
            "type": "ia.display.label"
          },
          {
            "meta": {
              "name": "Icon_10"
            },
            "position": {
              "height": 12.48,
              "width": 17.62,
              "x": 45.92,
              "y": 55.06
            },
            "props": {
              "path": "material/settings_overscan"
            },
            "type": "ia.display.icon"
          },
          {
            "meta": {
              "name": "Icon_11"
            },
            "position": {
              "height": 6.24,
              "width": 7.35,
              "x": 13.64,
              "y": 55.47
            },
            "props": {
              "path": "material/lens"
            },
            "type": "ia.display.icon"
          },
          {
            "meta": {
              "name": "Icon_13"
            },
            "position": {
              "height": 20.3,
              "width": 19.02,
              "x": 92.69,
              "y": 7.61
            },
            "propConfig": {
              "props.color": {
                "binding": {
                  "config": {
                    "path": "view.params.StsCOM"
                  },
                  "transforms": [
                    {
                      "fallback": "#AAAAAA",
                      "inputType": "scalar",
                      "mappings": [
                        {
                          "input": true,
                          "output": "#47FF47"
                        },
                        {
                          "input": false,
                          "output": "#FF4747"
                        }
                      ],
                      "outputType": "color",
                      "type": "map"
                    }
                  ],
                  "type": "property"
                }
              }
            },
            "props": {
              "path": "material/lens"
            },
            "type": "ia.display.icon"
          },
          {
            "meta": {
              "name": "Label_8"
            },
            "position": {
              "height": 12.61,
              "width": 28.52,
              "x": 115.5,
              "y": 11.42
            },
            "propConfig": {
              "props.text": {
                "binding": {
                  "config": {
                    "path": "view.params.StsCOM"
                  },
                  "transforms": [
                    {
                      "fallback": "error",
                      "inputType": "scalar",
                      "mappings": [
                        {
                          "input": true,
                          "output": "OK"
                        },
                        {
                          "input": false,
                          "output": "Falla"
                        }
                      ],
                      "outputType": "scalar",
                      "type": "map"
                    }
                  ],
                  "type": "property"
                }
              }
            },
            "props": {
              "style": {
                "fontSize": 12
              }
            },
            "type": "ia.display.label"
          },
          {
            "meta": {
              "name": "Icon_12"
            },
            "position": {
              "height": 6.24,
              "width": 7.35,
              "x": 26.04,
              "y": 55.5
            },
            "props": {
              "path": "material/lens"
            },
            "type": "ia.display.icon"
          },
          {
            "meta": {
              "name": "Icon"
            },
            "position": {
              "height": 36.36,
              "width": 44.68,
              "x": 17.49,
              "y": 13.86
            },
            "props": {
              "path": "material/flash_on"
            },
            "type": "ia.display.icon"
          },
          {
            "meta": {
              "name": "Label_9"
            },
            "position": {
              "height": 12.61,
              "width": 70,
              "x": 92.4675,
              "y": 36.1128125
            },
            "propConfig": {
              "props.text": {
                "binding": {
                  "config": {
                    "path": "view.params.IPaddress"
                  },
                  "type": "property"
                }
              }
            },
            "props": {
              "style": {
                "fontSize": 12
              }
            },
            "type": "ia.display.label"
          }
        ],
        "meta": {
          "name": "CoordinateContainer"
        },
        "position": {
          "basis": "81px"
        },
        "type": "ia.container.coord"
      }
    ],
    "meta": {
      "name": "root"
    },
    "props": {
      "direction": "column"
    },
    "type": "ia.container.flex"
  }
}