{
  "custom": {},
  "events": {
    "system": {
      "onStartup": {
        "config": {
          "script": "\tself.getChild(\"root\").getChild(\"PasswordField\").props.text\u003d\u0027\u0027"
        },
        "scope": "G",
        "type": "script"
      }
    }
  },
  "params": {
    "Index": 1
  },
  "propConfig": {
    "params.Index": {
      "paramDirection": "input",
      "persistent": true
    }
  },
  "props": {
    "defaultSize": {
      "height": 171,
      "width": 281
    }
  },
  "root": {
    "children": [
      {
        "meta": {
          "name": "Label"
        },
        "position": {
          "basis": "32px"
        },
        "props": {
          "style": {
            "classes": "Txt_Box_Label_H2"
          },
          "text": "Ingrese pin de autorización"
        },
        "type": "ia.display.label"
      },
      {
        "meta": {
          "name": "PasswordField"
        },
        "position": {
          "basis": "38px"
        },
        "props": {
          "style": {
            "marginLeft": 20,
            "marginRight": 5,
            "marginTop": 5
          }
        },
        "type": "ia.input.password-field"
      },
      {
        "meta": {
          "name": "Label_Access"
        },
        "position": {
          "basis": "32px"
        },
        "props": {
          "style": {
            "color": "--indicator",
            "textAlign": "center"
          }
        },
        "type": "ia.display.label"
      },
      {
        "events": {
          "dom": {
            "onClick": {
              "config": {
                "script": "\tpin \u003d self.getSibling(\"PasswordField\").props.text\n\tpopUp_ConfigPath \u003d \"Pages/PopUp_Config_Iden\" #TODO: Cambiar eventualmente\n\t\n\tmyIndx \t\t\u003d\tself.view.params.Index\n\tif pin \u003d\u003d \"73976\":\t\t\n\t\tsystem.perspective.openPopup(\"PopUp_Config_Iden\", popUp_ConfigPath, params \u003d {\u0027Index\u0027: myIndx})\n\t\tself.getSibling(\"Label_Access\").props.text \u003d \"Autorizado\"\n\t\tself.getSibling(\"Label_Access\").props.style.color \u003d \"--indicator\"\n\t\t\n\t\tsystem.perspective.closePopup(\"PopUpConfigCode_Iden\")\n\telse:\n\t\tself.getSibling(\"Label_Access\").props.text \u003d \"Denegado\"\n\t\tself.getSibling(\"Label_Access\").props.style.color \u003d \"--error\""
              },
              "scope": "G",
              "type": "script"
            }
          }
        },
        "meta": {
          "name": "Button"
        },
        "position": {
          "basis": "34px"
        },
        "props": {
          "style": {
            "marginBottom": 10,
            "marginLeft": 40,
            "marginRight": 50,
            "marginTop": 10
          },
          "text": "Autorizar"
        },
        "type": "ia.input.button"
      }
    ],
    "meta": {
      "name": "root"
    },
    "props": {
      "direction": "column"
    },
    "type": "ia.container.flex"
  }
}