{
  "custom": {
    "logout": false,
    "user": "galeman@sistemas-iq.com"
  },
  "params": {
    "params": {},
    "size": "medium"
  },
  "propConfig": {
    "custom.logout": {
      "binding": {
        "config": {
          "path": "view.custom.user"
        },
        "transforms": [
          {
            "code": "\treturn value is None",
            "type": "script"
          }
        ],
        "type": "property"
      },
      "persistent": true
    },
    "custom.user": {
      "binding": {
        "config": {
          "path": "session.props.auth.user.userName"
        },
        "type": "property"
      },
      "persistent": true
    },
    "params.params": {
      "paramDirection": "input",
      "persistent": true
    },
    "params.size": {
      "paramDirection": "input"
    }
  },
  "props": {
    "defaultSize": {
      "height": 60,
      "width": 1560
    }
  },
  "root": {
    "children": [
      {
        "children": [
          {
            "meta": {
              "hasDelegate": true,
              "name": "Spacer Start"
            },
            "position": {
              "basis": "16px",
              "shrink": 0
            },
            "props": {
              "text": " "
            },
            "type": "ia.display.label"
          },
          {
            "events": {
              "dom": {
                "onClick": {
                  "config": {
                    "id": "menu",
                    "type": "toggle"
                  },
                  "scope": "C",
                  "type": "dock"
                }
              }
            },
            "meta": {
              "domId": "menu",
              "name": "Menu Dock"
            },
            "position": {
              "basis": "45px",
              "shrink": 0
            },
            "props": {
              "path": "material/menu",
              "style": {
                "classes": "icon-container",
                "marginRight": "30px"
              }
            },
            "type": "ia.display.icon"
          },
          {
            "meta": {
              "name": "Hologic_Logo_no_tagline_PMS2756"
            },
            "position": {
              "basis": "90px",
              "grow": 3
            },
            "props": {
              "fit": {
                "mode": "contain"
              },
              "source": "/system/images/Hologic/logo.png"
            },
            "type": "ia.display.image"
          }
        ],
        "meta": {
          "name": "LeftGrp_FlexContainer"
        },
        "position": {
          "basis": "172px"
        },
        "props": {
          "justify": "space-between",
          "style": {
            "overflow": "hidden",
            "paddingBottom": 5,
            "paddingTop": 5
          }
        },
        "type": "ia.container.flex"
      },
      {
        "meta": {
          "name": "PagName"
        },
        "position": {
          "basis": "313px"
        },
        "propConfig": {
          "props.text": {
            "binding": {
              "config": {
                "path": "page.props.title"
              },
              "type": "property"
            }
          }
        },
        "props": {
          "style": {
            "fontSize": 20,
            "fontWeight": "bold",
            "textAlign": "center"
          }
        },
        "type": "ia.display.label"
      },
      {
        "meta": {
          "name": "Label_1"
        },
        "position": {
          "basis": "280px"
        },
        "propConfig": {
          "props.text": {
            "binding": {
              "config": {
                "fallbackDelay": 2.5,
                "mode": "direct",
                "tagPath": "[System]Gateway/CurrentDateTime"
              },
              "transforms": [
                {
                  "code": "\tdate  \u003d system.date.now()\n\tdia  \u003d system.date.getDayOfMonth(date)\n\tmes  \u003d system.date.getMonth(date)+1\n\tanio \u003d system.date.getYear(date)\n\t\n\tminutos\t\u003d system.date.getMinute(date)\n\thora\t\u003d system.date.getHour24(date)\n\n\t\n\tdw\t \u003d system.date.getDayOfWeek(date)\n\tdias_semana \u003d {\n\t    1: \"Domingo\",\n\t    2: \"Lunes\",\n\t    3: \"Martes\",\n\t    4: \"Miercoles\",\n\t    5: \"Jueves\",\n\t    6: \"Viernes\",\n\t    7: \"Sabado\"\n\t}\n\tdw\u003d dias_semana[dw]\n\treturn \"{} {}/{}/{}  {}:{}\".format(dw, dia, mes,anio, hora, minutos)",
                  "type": "script"
                }
              ],
              "type": "tag"
            }
          }
        },
        "props": {
          "style": {
            "fontFamily": "monospace",
            "fontSize": 19,
            "marginLeft": 9
          }
        },
        "type": "ia.display.label"
      },
      {
        "children": [
          {
            "meta": {
              "name": "Label_1"
            },
            "position": {
              "basis": "75px"
            },
            "props": {
              "style": {
                "fontSize": 19,
                "marginLeft": 9
              },
              "text": "Estilo:"
            },
            "type": "ia.display.label"
          },
          {
            "meta": {
              "name": "Dropdown"
            },
            "position": {
              "basis": "165px"
            },
            "propConfig": {
              "props.value": {
                "binding": {
                  "config": {
                    "bidirectional": true,
                    "path": "session.props.theme"
                  },
                  "type": "property"
                }
              }
            },
            "props": {
              "dropdownOptionStyle": {
                "classes": "Txt_Box_Label_H2"
              },
              "options": [
                {
                  "label": "light",
                  "value": "light"
                },
                {
                  "label": "light-cool",
                  "value": "light-cool"
                },
                {
                  "label": "light-warm",
                  "value": "light-warm"
                },
                {
                  "label": "dark",
                  "value": "dark"
                },
                {
                  "label": "dark-cool",
                  "value": "dark-cool"
                },
                {
                  "label": "dark-warm",
                  "value": "dark-warm"
                }
              ],
              "search": {
                "enabled": false
              },
              "style": {
                "borderBottomLeftRadius": "10px",
                "borderBottomRightRadius": "10px",
                "borderTopLeftRadius": "10px",
                "borderTopRightRadius": "10px",
                "marginBottom": "5px",
                "marginTop": "5px",
                "textAlign": "left"
              }
            },
            "type": "ia.input.dropdown"
          }
        ],
        "meta": {
          "name": "Right_FlexContainer"
        },
        "position": {
          "basis": "443px",
          "grow": 1
        },
        "props": {
          "justify": "center",
          "style": {
            "overflowY": "hidden"
          }
        },
        "type": "ia.container.flex"
      },
      {
        "children": [
          {
            "events": {
              "dom": {
                "onClick": {
                  "config": {},
                  "scope": "C",
                  "type": "login"
                }
              }
            },
            "meta": {
              "name": "Label_2"
            },
            "position": {
              "basis": "220px",
              "grow": 1
            },
            "propConfig": {
              "props.text": {
                "binding": {
                  "config": {
                    "path": "session.props.auth.user.userName"
                  },
                  "transforms": [
                    {
                      "code": "\t\n\tif(value is None):\n\t\treturn \"Sign in\"\n\telse:\n\t\treturn value",
                      "type": "script"
                    }
                  ],
                  "type": "property"
                }
              }
            },
            "props": {
              "style": {
                "fontWeight": "bold",
                "overflow": "hidden"
              }
            },
            "type": "ia.display.label"
          },
          {
            "events": {
              "dom": {
                "onClick": {
                  "config": {},
                  "scope": "C",
                  "type": "login"
                }
              }
            },
            "meta": {
              "name": "login",
              "tooltip": {
                "enabled": true,
                "location": "center",
                "text": "Login"
              }
            },
            "position": {
              "basis": "33px",
              "shrink": 0
            },
            "propConfig": {
              "position.display": {
                "binding": {
                  "config": {
                    "path": "view.custom.logout"
                  },
                  "type": "property"
                }
              }
            },
            "props": {
              "color": "--neutral-0",
              "path": "material/person_add_alt_1"
            },
            "type": "ia.display.icon"
          },
          {
            "events": {
              "dom": {
                "onClick": {
                  "config": {},
                  "scope": "C",
                  "type": "logout"
                }
              }
            },
            "meta": {
              "name": "logout",
              "tooltip": {
                "enabled": true,
                "location": "center",
                "text": "Logout"
              }
            },
            "position": {
              "basis": "33px",
              "shrink": 0
            },
            "propConfig": {
              "position.display": {
                "binding": {
                  "config": {
                    "path": "view.custom.logout"
                  },
                  "transforms": [
                    {
                      "code": "\treturn not(value)",
                      "type": "script"
                    }
                  ],
                  "type": "property"
                }
              }
            },
            "props": {
              "color": "--neutral-0",
              "path": "material/person_remove_alt_1"
            },
            "type": "ia.display.icon"
          }
        ],
        "meta": {
          "name": "FlexContainer"
        },
        "position": {
          "basis": "220px"
        },
        "props": {
          "style": {
            "backgroundColor": "--neutral-40",
            "borderBottomLeftRadius": "15px",
            "borderBottomRightRadius": "15px",
            "borderTopLeftRadius": "15px",
            "borderTopRightRadius": "15px",
            "marginBottom": "5px",
            "marginRight": "8px",
            "marginTop": "5px",
            "paddingLeft": "5px",
            "paddingRight": "5px"
          }
        },
        "type": "ia.container.flex"
      },
      {
        "events": {
          "dom": {
            "onClick": {
              "config": {
                "params": {},
                "view": "MISC/Alarms"
              },
              "scope": "C",
              "type": "nav"
            }
          }
        },
        "meta": {
          "name": "Alarm Icon",
          "tooltip": {
            "enabled": true,
            "location": "center",
            "text": "Alarmas"
          }
        },
        "position": {
          "basis": "33px",
          "shrink": 0
        },
        "propConfig": {
          "props.color": {
            "binding": {
              "config": {
                "expression": "if({../Alarms.custom.numAlarms} \u003e 0, 1+{[System]Gateway/UptimeSeconds}%2, 0)"
              },
              "transforms": [
                {
                  "fallback": null,
                  "inputType": "scalar",
                  "mappings": [
                    {
                      "input": 0,
                      "output": "--neutral-90"
                    },
                    {
                      "input": 1,
                      "output": "--error"
                    },
                    {
                      "input": 2,
                      "output": "--neutral-60"
                    }
                  ],
                  "outputType": "scalar",
                  "type": "map"
                }
              ],
              "type": "expr"
            }
          },
          "props.style.classes": {
            "binding": {
              "config": {
                "path": "../Alarms.custom.numAlarms"
              },
              "transforms": [
                {
                  "expression": "if({value} \u003e 0, \"Header/Alarm_Active\", \"Header/Icon\")",
                  "type": "expression"
                }
              ],
              "type": "property"
            }
          }
        },
        "props": {
          "path": "material/alarm"
        },
        "type": "ia.display.icon"
      },
      {
        "events": {
          "dom": {
            "onClick": {
              "config": {
                "params": {},
                "view": "MISC/Alarms"
              },
              "scope": "C",
              "type": "nav"
            }
          }
        },
        "meta": {
          "hasDelegate": true,
          "name": "Alarms"
        },
        "position": {
          "shrink": 0
        },
        "propConfig": {
          "custom.numAlarms": {
            "binding": {
              "config": {
                "expression": "now(2000)"
              },
              "transforms": [
                {
                  "code": "\t\t\n\t\t\n\treturn len(system.alarm.queryStatus(state\u003d[\"Activeunacked\",\"Clearunacked\"],provider\u003d[\"PozueloTag_Provider\"],priority\u003d[\"Low\",\"Medium\",\"High\",\"Critical\"]))",
                  "type": "script"
                }
              ],
              "type": "expr"
            }
          },
          "position.display": {
            "binding": {
              "config": {
                "expression": "{view.params.size} !\u003d \"small\""
              },
              "type": "expr"
            }
          },
          "props.style.classes": {
            "binding": {
              "config": {
                "path": "../Alarms.custom.numAlarms"
              },
              "transforms": [
                {
                  "expression": "if({value} \u003e 0, \"Header/Alarm_Active\", \"\")",
                  "type": "expression"
                }
              ],
              "type": "property"
            }
          },
          "props.text": {
            "binding": {
              "config": {
                "path": "this.custom.numAlarms"
              },
              "transforms": [
                {
                  "expression": "numberFormat({value}, \"#,##0\") + \" alarm\" + if({value} \u003e 1 || {value} \u003d 0, \"s\", \"\")",
                  "type": "expression"
                }
              ],
              "type": "property"
            }
          },
          "props.textStyle.color": {
            "binding": {
              "config": {
                "expression": "if({../Alarms.custom.numAlarms} \u003e 0, 1+{[System]Gateway/UptimeSeconds}%2, 0)"
              },
              "transforms": [
                {
                  "fallback": null,
                  "inputType": "scalar",
                  "mappings": [
                    {
                      "input": 0,
                      "output": "--neutral-90"
                    },
                    {
                      "input": 1,
                      "output": "--error"
                    },
                    {
                      "input": 2,
                      "output": "--neutral-60"
                    }
                  ],
                  "outputType": "scalar",
                  "type": "map"
                }
              ],
              "type": "expr"
            }
          }
        },
        "props": {
          "style": {
            "cursor": "pointer",
            "marginLeft": "6px",
            "marginRight": "6px"
          }
        },
        "type": "ia.display.label"
      }
    ],
    "meta": {
      "domId": "miHeader",
      "name": "root"
    },
    "propConfig": {
      "props.style.backgroundColor": {
        "binding": {
          "config": {
            "path": "session.props.theme"
          },
          "enabled": false,
          "transforms": [
            {
              "code": "\tif \"dark\" in value:\n\t\treturn \"var(--neutral-10)\"\n\telse:\n\t\treturn \"var(--neutral-30)\"",
              "type": "script"
            }
          ],
          "type": "property"
        }
      }
    },
    "props": {
      "justify": "flex-end",
      "style": {
        "backgroundColor": "--div-12",
        "color": "--neutral-100",
        "fontFamily": "Roboto"
      }
    },
    "type": "ia.container.flex"
  }
}