{
  "custom": {},
  "params": {
    "mess": "Hola mundo"
  },
  "propConfig": {
    "params.mess": {
      "paramDirection": "input",
      "persistent": true
    }
  },
  "props": {
    "defaultSize": {
      "height": 466,
      "width": 832
    }
  },
  "root": {
    "children": [
      {
        "meta": {
          "name": "Icon"
        },
        "position": {
          "basis": "205px"
        },
        "props": {
          "path": "material/warning",
          "style": {
            "fill": "--error"
          }
        },
        "type": "ia.display.icon"
      },
      {
        "meta": {
          "name": "Label"
        },
        "position": {
          "basis": "52px"
        },
        "propConfig": {
          "props.text": {
            "binding": {
              "config": {
                "path": "view.params.mess"
              },
              "type": "property"
            }
          }
        },
        "props": {
          "style": {
            "backgroundColor": "--neutral-30",
            "borderBottomLeftRadius": "30px",
            "borderBottomRightRadius": "30px",
            "borderTopLeftRadius": "30px",
            "borderTopRightRadius": "30px",
            "fontWeight": "bold",
            "textAlign": "center"
          }
        },
        "type": "ia.display.label"
      }
    ],
    "meta": {
      "name": "root"
    },
    "props": {
      "direction": "column",
      "justify": "center",
      "style": {
        "paddingLeft": "15%",
        "paddingRight": "15%"
      }
    },
    "type": "ia.container.flex"
  }
}