{
  "custom": {},
  "params": {
    "E_Esperada": 8,
    "Index": 1,
    "b": 7,
    "lim_inf": 1,
    "lim_sup": "value",
    "m1": 1,
    "m2": 2,
    "m3": 3,
    "x1": 4,
    "x2": 5,
    "x3": 6
  },
  "propConfig": {
    "params.E_Esperada": {
      "paramDirection": "input",
      "persistent": true
    },
    "params.Index": {
      "paramDirection": "input",
      "persistent": true
    },
    "params.b": {
      "paramDirection": "input",
      "persistent": true
    },
    "params.lim_inf": {
      "paramDirection": "input",
      "persistent": true
    },
    "params.lim_sup": {
      "paramDirection": "input",
      "persistent": true
    },
    "params.m1": {
      "paramDirection": "input",
      "persistent": true
    },
    "params.m2": {
      "paramDirection": "input",
      "persistent": true
    },
    "params.m3": {
      "paramDirection": "input",
      "persistent": true
    },
    "params.x1": {
      "paramDirection": "input",
      "persistent": true
    },
    "params.x2": {
      "paramDirection": "input",
      "persistent": true
    },
    "params.x3": {
      "paramDirection": "input",
      "persistent": true
    }
  },
  "props": {
    "defaultSize": {
      "height": 188,
      "width": 278
    },
    "loading": {
      "mode": "blocking"
    }
  },
  "root": {
    "children": [
      {
        "meta": {
          "name": "Icon"
        },
        "position": {
          "basis": "64px"
        },
        "props": {
          "path": "material/warning",
          "style": {
            "backgroundColor": "var(--neutral-40)"
          }
        },
        "type": "ia.display.icon"
      },
      {
        "children": [
          {
            "meta": {
              "name": "Label_0"
            },
            "position": {
              "basis": "86.1px"
            },
            "props": {
              "style": {
                "fontSize": 20,
                "fontWeight": "bold",
                "marginBottom": 5,
                "marginLeft": 5,
                "marginRight": 5,
                "marginTop": 15,
                "textAlign": "center"
              },
              "text": "¿Desea guardar los parametros actuales?",
              "textStyle": {
                "fontFamily": "Roboto"
              }
            },
            "type": "ia.display.label"
          },
          {
            "events": {
              "dom": {
                "onClick": {
                  "config": {
                    "script": "\t\t\n\t#\t--Leer parametros\n\t#####################################################################################################################\n\tmy_b\t  \u003d self.view.params.b\t\n\tmy_Energy \u003d self.view.params.E_Esperada\n\tmy_m1 \t  \u003d self.view.params.m1\n\tmy_m2 \t  \u003d self.view.params.m2\n\tmy_m3 \t  \u003d self.view.params.m3\n\tmy_x1\t  \u003d self.view.params.x1\n\tmy_x2\t  \u003d self.view.params.x2\n\tmy_x3\t  \u003d self.view.params.x3\n\tlim_sup\t  \u003d self.view.params.lim_sup\n\tlim_inf\t  \u003d self.view.params.lim_inf\n\t#\t--Leer paths\n\t#####################################################################################################################\n\tindx \u003d self.view.params.Index\n\tpath_b\t\t\u003d\t\"[HologicTagProvider]Hologic/CR/IDENs/Iden_historics/bs/b_iden{}\".format(indx)\n\tpath_Energy\t\u003d \t\"[HologicTagProvider]Hologic/CR/IDENs/Iden_historics/Energias_Esperadas/E_Esperada_iden{}\".format(indx)\n\tpath_lim_inf\u003d\t\"[HologicTagProvider]Hologic/CR/IDENs/Iden_historics/rangos/lim_inf_Iden{}\".format(indx)\n\tpaht_lim_sup\u003d\t\"[HologicTagProvider]Hologic/CR/IDENs/Iden_historics/rangos/lim_sup_Iden{}\".format(indx)\n\tm\u003d[]\n\tx\u003d[]\n\t\n\tfor j in range(1,4):\n\t\t\n\t\tpath_m\u003d \"[HologicTagProvider]Hologic/CR/IDENs/Iden_historics/ms/m{}_iden{}\".format(j, indx)\n\t\tpath_x\u003d \"[HologicTagProvider]Hologic/CR/IDENs/Iden_historics/Xs/X{}_iden{}\".format(j, indx)\n\t\t\n\t\tm.append(path_m)\n\t\tx.append(path_x)\n\t\t\n\t#\t--Escribir valores:\n\t#####################################################################################################################\n\tsystem.tag.write(path_b, my_b)\n\tsystem.tag.write(path_Energy, my_Energy)\n\tsystem.tag.write(path_lim_inf,lim_inf)\n\tsystem.tag.write(paht_lim_sup,lim_sup)\n\tsystem.tag.write(m[0], my_m1)\n\tsystem.tag.write(m[1], my_m2)\n\tsystem.tag.write(m[2], my_m3)\n\tsystem.tag.write(x[0], my_x1)\n\tsystem.tag.write(x[1], my_x2)\n\tsystem.tag.write(x[2], my_x3)\n\t\n\tsystem.perspective.closePopup(\"confirmSaveData\")"
                  },
                  "scope": "G",
                  "type": "script"
                }
              }
            },
            "meta": {
              "name": "Button"
            },
            "position": {
              "basis": "78px"
            },
            "props": {
              "image": {
                "style": {
                  "marginTop": 1
                }
              },
              "style": {
                "marginLeft": 5,
                "marginRight": 5,
                "marginTop": 17
              },
              "text": "Sí"
            },
            "type": "ia.input.button"
          }
        ],
        "meta": {
          "name": "conf"
        },
        "position": {
          "basis": "134.8px"
        },
        "props": {
          "direction": "column",
          "style": {
            "marginBottom": 10,
            "paddingTop": 5
          }
        },
        "type": "ia.container.flex"
      }
    ],
    "meta": {
      "name": "root"
    },
    "props": {
      "direction": "column",
      "style": {
        "borderBottomLeftRadius": 1,
        "borderBottomRightRadius": 1,
        "borderStyle": "hidden",
        "borderTopLeftRadius": 1,
        "borderTopRightRadius": 1
      }
    },
    "type": "ia.container.flex"
  }
}