{
  "custom": {
    "Estad": {
      "Cantidad_registros": 182,
      "Desviacion_STD": 29.673,
      "Excedieron_maximo": 14,
      "Excedieron_minimo": 22,
      "Kutosis": -1.3145,
      "Mediana": 48.5,
      "Piezas_buenas": 146,
      "Piezas_buenas_porc": 80.2198,
      "Promedio": 48.5769,
      "max": 100,
      "min": 1,
      "quart_1": 20,
      "quart_2": 48.5,
      "quart_3": 75
    },
    "fechaFin": "25/06/06 16:36",
    "fechaInicio": "25/06/05 16:36",
    "lotes_str": [
      "1",
      "10",
      "100",
      "11",
      "12",
      "13",
      "14",
      "15",
      "16",
      "17",
      "18",
      "19",
      "2",
      "20",
      "21",
      "22",
      "23",
      "24",
      "25",
      "26",
      "27",
      "28",
      "29",
      "3",
      "30",
      "31",
      "32",
      "33",
      "34",
      "35",
      "36",
      "37",
      "38",
      "39",
      "4",
      "40",
      "41",
      "42",
      "43",
      "44",
      "45",
      "46",
      "47",
      "48",
      "49",
      "5",
      "50",
      "51",
      "52",
      "53",
      "54",
      "55",
      "56",
      "57",
      "58",
      "59",
      "6",
      "60",
      "61",
      "62",
      "63",
      "64",
      "65",
      "66",
      "67",
      "68",
      "69",
      "7",
      "70",
      "71",
      "72",
      "73",
      "74",
      "75",
      "76",
      "77",
      "78",
      "79",
      "8",
      "80",
      "81",
      "82",
      "83",
      "84",
      "85",
      "86",
      "87",
      "88",
      "89",
      "9",
      "90",
      "91",
      "92",
      "93",
      "94",
      "95",
      "96",
      "97",
      "98",
      "99"
    ],
    "max": 90,
    "min": 10
  },
  "params": {},
  "propConfig": {
    "custom.Estad": {
      "binding": {
        "config": {
          "fallbackDelay": 2.5,
          "mode": "direct",
          "publishInitial": false,
          "tagPath": "[HologicTagProvider_Brev]Hologic/CR/Reporte/Estadisticas_PD"
        },
        "type": "tag"
      },
      "persistent": true
    },
    "custom.fechaFin": {
      "binding": {
        "config": {
          "fallbackDelay": 2.5,
          "mode": "direct",
          "tagPath": "[HologicTagProvider_Brev]Hologic/CR/Reporte/EndDate"
        },
        "transforms": [
          {
            "code": "\treturn system.date.format(value, \"yy/MM/dd HH:mm\")",
            "type": "script"
          }
        ],
        "type": "tag"
      },
      "persistent": true
    },
    "custom.fechaInicio": {
      "binding": {
        "config": {
          "fallbackDelay": 2.5,
          "mode": "direct",
          "tagPath": "[HologicTagProvider_Brev]Hologic/CR/Reporte/StartDate"
        },
        "transforms": [
          {
            "code": "\treturn system.date.format(value, \"yy/MM/dd HH:mm\")",
            "type": "script"
          }
        ],
        "type": "tag"
      },
      "persistent": true
    },
    "custom.lotes_str": {
      "binding": {
        "config": {
          "fallbackDelay": 2.5,
          "mode": "direct",
          "publishInitial": false,
          "tagPath": "[HologicTagProvider_Brev]Hologic/CR/Reporte/LotList"
        },
        "type": "tag"
      },
      "persistent": true
    },
    "custom.max": {
      "binding": {
        "config": {
          "fallbackDelay": 2.5,
          "mode": "direct",
          "publishInitial": false,
          "tagPath": "[HologicTagProvider_Brev]Hologic/CR/Lim_Upper_PairDist"
        },
        "type": "tag"
      },
      "persistent": true
    },
    "custom.min": {
      "binding": {
        "config": {
          "fallbackDelay": 2.5,
          "mode": "direct",
          "publishInitial": false,
          "tagPath": "[HologicTagProvider_Brev]Hologic/CR/Lim_Lower_PairDist"
        },
        "type": "tag"
      },
      "persistent": true
    }
  },
  "props": {
    "defaultSize": {
      "height": 923,
      "width": 1253
    }
  },
  "root": {
    "children": [
      {
        "meta": {
          "name": "Label"
        },
        "position": {
          "basis": "46px"
        },
        "props": {
          "style": {
            "backgroundColor": "--neutral-30",
            "borderBottomLeftRadius": 10,
            "borderBottomRightRadius": 10,
            "borderTopLeftRadius": 10,
            "borderTopRightRadius": 10,
            "fontFamily": "Roboto",
            "fontSize": 22,
            "fontWeight": "bolder",
            "marginBottom": 10,
            "marginTop": 10,
            "paddingLeft": "9px"
          },
          "text": "Estadísticas de reporte"
        },
        "type": "ia.display.label"
      },
      {
        "children": [
          {
            "children": [
              {
                "meta": {
                  "name": "Label"
                },
                "position": {
                  "basis": "136px"
                },
                "props": {
                  "style": {
                    "fontWeight": "bold"
                  },
                  "text": "Rango de fechas:"
                },
                "type": "ia.display.label"
              },
              {
                "meta": {
                  "name": "Label_0"
                },
                "position": {
                  "basis": "383px"
                },
                "propConfig": {
                  "props.text": {
                    "binding": {
                      "config": {
                        "expression": "\"Desde  :\"+ {view.custom.fechaInicio} +\" -  Hasta  :\"+ {view.custom.fechaFin}"
                      },
                      "type": "expr"
                    }
                  }
                },
                "props": {
                  "style": {
                    "marginLeft": "10px"
                  }
                },
                "type": "ia.display.label"
              },
              {
                "meta": {
                  "name": "Label_1"
                },
                "position": {
                  "basis": "192px"
                },
                "props": {
                  "style": {
                    "fontWeight": "bold"
                  },
                  "text": "Límites PairingDitance:"
                },
                "type": "ia.display.label"
              },
              {
                "meta": {
                  "name": "Label_3"
                },
                "position": {
                  "basis": "142px"
                },
                "propConfig": {
                  "props.text": {
                    "binding": {
                      "config": {
                        "expression": "{view.custom.min}+\" - \"+{view.custom.max}"
                      },
                      "type": "expr"
                    }
                  }
                },
                "props": {
                  "style": {
                    "marginLeft": "10px"
                  }
                },
                "type": "ia.display.label"
              },
              {
                "meta": {
                  "name": "Label_2"
                },
                "position": {
                  "basis": "55px"
                },
                "props": {
                  "style": {
                    "fontWeight": "bold"
                  },
                  "text": "Lotes:"
                },
                "type": "ia.display.label"
              },
              {
                "events": {
                  "dom": {
                    "onClick": {
                      "config": {
                        "draggable": true,
                        "id": "w3Ln9I6l",
                        "modal": false,
                        "overlayDismiss": false,
                        "resizable": false,
                        "showCloseIcon": true,
                        "title": "Lotes seleccionados",
                        "type": "open",
                        "viewPath": "Templates/lotList",
                        "viewportBound": false
                      },
                      "scope": "C",
                      "type": "popup"
                    }
                  }
                },
                "meta": {
                  "name": "Button"
                },
                "position": {
                  "basis": "147px"
                },
                "props": {
                  "image": {
                    "icon": {
                      "path": "material/table_rows"
                    }
                  },
                  "text": "Número de lote"
                },
                "type": "ia.input.button"
              },
              {
                "meta": {
                  "name": "Label_4"
                },
                "position": {
                  "basis": "55px"
                },
                "props": {
                  "style": {
                    "fontWeight": "bold"
                  }
                },
                "scripts": {
                  "customMethods": [],
                  "extensionFunctions": null,
                  "messageHandlers": [
                    {
                      "messageType": "testmessage",
                      "pageScope": true,
                      "script": "\t# implement your handler here\n\tself.props.text\u003dpayload[\"employee\"]",
                      "sessionScope": false,
                      "viewScope": false
                    }
                  ]
                },
                "type": "ia.display.label"
              }
            ],
            "meta": {
              "name": "FlexContainer_0"
            },
            "position": {
              "basis": "46px"
            },
            "props": {
              "style": {
                "backgroundColor": "--div-13",
                "borderBottomLeftRadius": "10px",
                "borderBottomRightRadius": "40px",
                "borderTopLeftRadius": "10px",
                "borderTopRightRadius": "40px",
                "paddingBottom": "5px",
                "paddingLeft": "10px",
                "paddingTop": "5px"
              }
            },
            "type": "ia.container.flex"
          }
        ],
        "meta": {
          "name": "FlexContainer"
        },
        "position": {
          "basis": "63px"
        },
        "props": {
          "direction": "column"
        },
        "type": "ia.container.flex"
      },
      {
        "meta": {
          "name": "Carousel"
        },
        "position": {
          "basis": "796.8px",
          "grow": 1
        },
        "props": {
          "activePane": 1,
          "autoplay": {
            "enabled": true,
            "pauseOnDotHover": true,
            "pauseOnFocus": true,
            "pauseOnHover": true,
            "transitionDelay": 12500
          },
          "behavior": {
            "fade": true
          },
          "views": [
            {
              "alignItems": "flex-start",
              "direction": "row",
              "justify": "flex-start",
              "viewParams": {},
              "viewPath": "Templates/estad"
            },
            {
              "alignItems": "flex-start",
              "direction": "row",
              "justify": "flex-start",
              "viewParams": {},
              "viewPath": "Templates/calidad"
            }
          ]
        },
        "type": "ia.display.carousel"
      }
    ],
    "meta": {
      "name": "root"
    },
    "props": {
      "direction": "column",
      "style": {
        "marginBottom": "10px",
        "marginLeft": "10px",
        "marginRight": "10px",
        "marginTop": "10px"
      }
    },
    "type": "ia.container.flex"
  }
}