{
  "custom": {
    "CommState": null
  },
  "params": {
    "IPaddress": "10.1.1.1",
    "Name": "XXXX"
  },
  "propConfig": {
    "custom.CommState": {
      "binding": {
        "config": {
          "expression": "{[System]Gateway/UptimeSeconds}%4"
        },
        "transforms": [
          {
            "code": "\tIPaddress\u003dself.params.IPaddress\n\t\n\tr\u003dNetworkAnalysis.ping(IPaddress, 1000)\t\n\t\n\n\treturn r",
            "type": "script"
          }
        ],
        "type": "expr"
      },
      "persistent": true
    },
    "params.IPaddress": {
      "paramDirection": "input",
      "persistent": true
    },
    "params.Name": {
      "paramDirection": "input",
      "persistent": true
    }
  },
  "props": {
    "defaultSize": {
      "height": 97,
      "width": 113
    }
  },
  "root": {
    "children": [
      {
        "meta": {
          "name": "Label"
        },
        "position": {
          "basis": "22px"
        },
        "propConfig": {
          "props.text": {
            "binding": {
              "config": {
                "path": "view.params.Name"
              },
              "type": "property"
            }
          }
        },
        "props": {
          "style": {
            "classes": "Clean_Rooms/Text"
          }
        },
        "type": "ia.display.label"
      },
      {
        "children": [
          {
            "meta": {
              "name": "Label"
            },
            "position": {
              "height": 70,
              "width": 44,
              "x": 6.3,
              "y": 3.5
            },
            "props": {
              "style": {
                "borderBottomLeftRadius": 1,
                "borderBottomRightRadius": 1,
                "borderStyle": "solid",
                "borderTopLeftRadius": 1,
                "borderTopRightRadius": 1,
                "borderWidth": 1
              }
            },
            "type": "ia.display.label"
          },
          {
            "meta": {
              "name": "Label_2"
            },
            "position": {
              "height": 10.13,
              "width": 14.66,
              "x": 20.8,
              "y": 60.95
            },
            "props": {
              "style": {
                "fontSize": 9
              },
              "text": "VFD"
            },
            "type": "ia.display.label"
          },
          {
            "meta": {
              "name": "Icon_7"
            },
            "position": {
              "height": 16.29,
              "width": 14.27,
              "x": 58.263,
              "y": 3.50153
            },
            "propConfig": {
              "props.color": {
                "binding": {
                  "config": {
                    "path": "view.custom.CommState"
                  },
                  "transforms": [
                    {
                      "fallback": "#AAAAAA",
                      "inputType": "scalar",
                      "mappings": [
                        {
                          "input": true,
                          "output": "#47FF47"
                        },
                        {
                          "input": false,
                          "output": "#FF4747"
                        }
                      ],
                      "outputType": "color",
                      "type": "map"
                    }
                  ],
                  "type": "property"
                }
              }
            },
            "props": {
              "path": "material/lens"
            },
            "type": "ia.display.icon"
          },
          {
            "meta": {
              "name": "Label_8"
            },
            "position": {
              "height": 10.13,
              "width": 21.42,
              "x": 74.323,
              "y": 6.55153
            },
            "propConfig": {
              "props.text": {
                "binding": {
                  "config": {
                    "path": "view.custom.CommState"
                  },
                  "transforms": [
                    {
                      "fallback": null,
                      "inputType": "scalar",
                      "mappings": [
                        {
                          "input": true,
                          "output": "OK"
                        },
                        {
                          "input": false,
                          "output": "Falla"
                        }
                      ],
                      "outputType": "scalar",
                      "type": "map"
                    }
                  ],
                  "type": "property"
                }
              }
            },
            "props": {
              "style": {
                "fontSize": 12
              }
            },
            "type": "ia.display.label"
          },
          {
            "meta": {
              "name": "IPAddress_LBL"
            },
            "position": {
              "height": 10,
              "width": 61,
              "x": 51.2853,
              "y": 28.5573
            },
            "propConfig": {
              "props.text": {
                "binding": {
                  "config": {
                    "path": "view.params.IPaddress"
                  },
                  "type": "property"
                }
              }
            },
            "props": {
              "style": {
                "fontSize": 10,
                "textAlign": "center"
              }
            },
            "type": "ia.display.label"
          },
          {
            "meta": {
              "name": "Label_3"
            },
            "position": {
              "height": 20,
              "width": 27.5,
              "x": 14.3,
              "y": 9.66
            },
            "props": {
              "style": {
                "borderBottomLeftRadius": 1,
                "borderBottomRightRadius": 1,
                "borderStyle": "solid",
                "borderTopLeftRadius": 1,
                "borderTopRightRadius": 1,
                "borderWidth": 1
              }
            },
            "type": "ia.display.label"
          },
          {
            "meta": {
              "name": "Icon"
            },
            "position": {
              "height": 30,
              "width": 27.5,
              "x": 14.2,
              "y": 23.99
            },
            "props": {
              "path": "material/keyboard"
            },
            "type": "ia.display.icon"
          }
        ],
        "meta": {
          "name": "CoordinateContainer"
        },
        "position": {
          "basis": "85px"
        },
        "type": "ia.container.coord"
      }
    ],
    "meta": {
      "name": "root"
    },
    "props": {
      "direction": "column"
    },
    "type": "ia.container.flex"
  }
}