{
  "custom": {
    "dennAcces": "/accesosdenegado",
    "rolNecesario": "Ingenieria",
    "roles": []
  },
  "params": {},
  "propConfig": {
    "custom.dennAcces": {
      "persistent": true
    },
    "custom.rolNecesario": {
      "persistent": true
    },
    "custom.roles": {
      "binding": {
        "config": {
          "fallbackDelay": 2.5,
          "mode": "direct",
          "tagPath": "[edge]IREX/TresRios_Cartago/SecurityDoc"
        },
        "transforms": [
          {
            "code": "\tvalue \u003d self.session.props.id\n\treturn permisos.listaDeRoles(value)",
            "type": "script"
          }
        ],
        "type": "tag"
      },
      "persistent": true
    }
  },
  "props": {
    "defaultSize": {
      "height": 817,
      "width": 394
    }
  },
  "root": {
    "children": [
      {
        "events": {
          "component": {
            "onItemClicked": {
              "config": {
                "script": "\tself.getSibling(\"Label\").props.text \u003d self"
              },
              "scope": "G",
              "type": "script"
            }
          }
        },
        "meta": {
          "name": "Features"
        },
        "position": {
          "grow": 1,
          "shrink": 0
        },
        "propConfig": {
          "props.items[0].style.fontWeight": {
            "binding": {
              "config": {
                "path": "page.props.path"
              },
              "transforms": [
                {
                  "expression": "if ({value} \u003d {this.props.items[0].target}, \"bold\", \"normal\")",
                  "type": "expression"
                }
              ],
              "type": "property"
            }
          }
        },
        "props": {
          "backActionStyle": {
            "classes": "Menu/All_Header"
          },
          "backActionText": "All Features",
          "itemStyle": {
            "classes": "Menu/Item"
          },
          "items": [
            {
              "items": [],
              "label": {
                "icon": {
                  "path": "material/home"
                },
                "text": "Inicio"
              },
              "navIcon": {
                "path": ""
              },
              "showHeader": false,
              "style": {
                "classes": ""
              },
              "target": "/"
            },
            {
              "items": [
                {
                  "backActionText": "",
                  "enabled": true,
                  "items": [],
                  "label": {
                    "icon": {
                      "path": "material/insert_drive_file"
                    },
                    "text": "Generar reporte"
                  },
                  "navIcon": {
                    "path": ""
                  },
                  "resetOnClick": false,
                  "showHeader": true,
                  "style": {
                    "classes": ""
                  },
                  "target": "/Reporte",
                  "visible": true
                },
                {
                  "backActionText": "",
                  "enabled": true,
                  "items": [],
                  "label": {
                    "icon": {
                      "path": "material/picture_as_pdf"
                    },
                    "text": "Documento"
                  },
                  "navIcon": {
                    "path": ""
                  },
                  "resetOnClick": false,
                  "showHeader": true,
                  "style": {
                    "classes": ""
                  },
                  "target": "/prevreporte",
                  "visible": true
                },
                {
                  "backActionText": "",
                  "enabled": true,
                  "items": [],
                  "label": {
                    "icon": {
                      "path": "material/calculate"
                    },
                    "text": "Estadísitcas"
                  },
                  "navIcon": {
                    "path": ""
                  },
                  "resetOnClick": false,
                  "showHeader": true,
                  "style": {
                    "classes": ""
                  },
                  "target": "/estad_rep",
                  "visible": true
                },
                {
                  "backActionText": "",
                  "enabled": true,
                  "items": [],
                  "label": {
                    "icon": {
                      "path": "material/bar_chart"
                    },
                    "text": "Gráficos"
                  },
                  "navIcon": {
                    "path": ""
                  },
                  "resetOnClick": false,
                  "showHeader": true,
                  "style": {
                    "classes": ""
                  },
                  "target": "/chart",
                  "visible": true
                },
                {
                  "backActionText": "",
                  "enabled": true,
                  "items": [],
                  "label": {
                    "icon": {
                      "path": "material/api"
                    },
                    "text": "API"
                  },
                  "navIcon": {
                    "path": ""
                  },
                  "resetOnClick": false,
                  "showHeader": true,
                  "style": {
                    "classes": ""
                  },
                  "target": "/api",
                  "visible": true
                }
              ],
              "label": {
                "icon": {
                  "path": "material/file_copy"
                },
                "text": "Reportes"
              },
              "navIcon": {
                "path": "material/keyboard_arrow_right"
              },
              "showHeader": true,
              "style": {
                "classes": "",
                "fontWeight": "normal"
              },
              "target": "/"
            },
            {
              "backActionText": "",
              "enabled": true,
              "items": [],
              "label": {
                "icon": {
                  "path": "material/device_hub"
                },
                "text": "Conexión con equipos"
              },
              "navIcon": {
                "color": "",
                "path": ""
              },
              "resetOnClick": false,
              "showHeader": false,
              "style": {
                "classes": ""
              },
              "target": "/equipos",
              "visible": true
            },
            {
              "items": [],
              "label": {
                "icon": {
                  "path": "material/warning"
                },
                "text": "Alarmas"
              },
              "navIcon": {
                "color": "",
                "path": ""
              },
              "showHeader": true,
              "style": {
                "classes": ""
              },
              "target": "/alarmas"
            }
          ],
          "style": {
            "backgroundColor": "--neutral-30",
            "classes": "Menu/Menu"
          }
        },
        "type": "ia.navigation.menutree"
      },
      {
        "children": [
          {
            "meta": {
              "name": "Icon"
            },
            "position": {
              "basis": "30px"
            },
            "propConfig": {
              "props.path": {
                "binding": {
                  "config": {
                    "path": "parent.custom.Icon"
                  },
                  "type": "property"
                }
              }
            },
            "props": {
              "style": {
                "classes": ""
              }
            },
            "type": "ia.display.icon"
          },
          {
            "meta": {
              "name": "Label"
            },
            "position": {
              "basis": "50px",
              "grow": 1
            },
            "propConfig": {
              "props.text": {
                "binding": {
                  "config": {
                    "path": "parent.custom.Label"
                  },
                  "type": "property"
                }
              }
            },
            "props": {
              "style": {
                "fontWeight": "600",
                "marginLeft": "5px"
              }
            },
            "type": "ia.display.label"
          }
        ],
        "meta": {
          "domId": "DB_cont",
          "name": "FlexContainer"
        },
        "position": {
          "basis": "60px"
        },
        "propConfig": {
          "custom.DB_OK": {
            "binding": {
              "config": {
                "fallbackDelay": 2.5,
                "mode": "direct",
                "tagPath": "[System]Gateway/Database/Hologic_Brevera/Available"
              },
              "transforms": [
                {
                  "code": "\treturn False",
                  "type": "script"
                }
              ],
              "type": "tag"
            }
          },
          "custom.Icon": {
            "binding": {
              "config": {
                "path": "this.custom.DB_OK"
              },
              "transforms": [
                {
                  "code": "\treturn \"material/check_circle\" if value else \"material/close\"",
                  "type": "script"
                }
              ],
              "type": "property"
            }
          },
          "custom.Label": {
            "binding": {
              "config": {
                "path": "this.custom.DB_OK"
              },
              "transforms": [
                {
                  "code": "\treturn \"DB conectada\" if value else \"Sin conexion a DB\"",
                  "type": "script"
                }
              ],
              "type": "property"
            }
          },
          "custom.estilo": {
            "binding": {
              "config": {
                "path": "this.custom.DB_OK"
              },
              "transforms": [
                {
                  "code": "\treturn \"DB/DB_OK\" if value else \"DB/DB_ERR\"",
                  "type": "script"
                }
              ],
              "type": "property"
            }
          }
        },
        "props": {
          "style": {
            "backgroundColor": "--neutral-40"
          }
        },
        "type": "ia.container.flex"
      }
    ],
    "meta": {
      "domId": "side",
      "name": "root"
    },
    "props": {
      "direction": "column",
      "style": {
        "backgroundColor": "--neutral-30"
      }
    },
    "type": "ia.container.flex"
  }
}