{
  "custom": {
    "Estad": {
      "Cantidad_registros": 477,
      "Desviacion_STD": 28.3825,
      "Excedieron_maximo": 39,
      "Excedieron_minimo": 48,
      "Kutosis": -1.1687,
      "Mediana": 50,
      "Piezas_buenas": 390,
      "Piezas_buenas_porc": 81.761,
      "Promedio": 49.0105,
      "max": 100,
      "min": 1,
      "quart_1": 24,
      "quart_2": 50,
      "quart_3": 73
    }
  },
  "params": {},
  "propConfig": {
    "custom.Estad": {
      "binding": {
        "config": {
          "fallbackDelay": 2.5,
          "mode": "direct",
          "publishInitial": false,
          "tagPath": "[HologicTagProvider_Brev]Hologic/CR/Reporte/Estadisticas_PD"
        },
        "type": "tag"
      },
      "persistent": true
    }
  },
  "props": {},
  "root": {
    "children": [
      {
        "meta": {
          "name": "PieChart"
        },
        "position": {
          "basis": "375px",
          "grow": 1
        },
        "propConfig": {
          "props.data[0].count": {
            "binding": {
              "config": {
                "path": "view.custom.Estad.Piezas_buenas"
              },
              "type": "property"
            }
          },
          "props.data[1].count": {
            "binding": {
              "config": {
                "path": "view.custom.Estad.Excedieron_minimo"
              },
              "type": "property"
            }
          },
          "props.data[2].count": {
            "binding": {
              "config": {
                "path": "view.custom.Estad.Excedieron_maximo"
              },
              "type": "property"
            }
          }
        },
        "props": {
          "colors": [
            "#4FC86C",
            "#EC4B3D",
            "#3366CC",
            "#3366CC",
            "#E69300"
          ],
          "data": [
            {
              "flavor": "Piezas buenas"
            },
            {
              "flavor": "Piezas debajo del límite"
            },
            {
              "flavor": "Piezas arriba del límite"
            }
          ],
          "legendLabelColor": "--Neutral-100",
          "selection": {
            "enabled": true
          },
          "style": {
            "fontWeight": "600",
            "overflow": "hidden"
          },
          "threeDimensional": true,
          "title": "Calidad de piezas"
        },
        "type": "ia.chart.pie"
      }
    ],
    "meta": {
      "name": "root"
    },
    "props": {
      "direction": "column"
    },
    "type": "ia.container.flex"
  }
}