{
  "custom": {
    "LotList": [
      {
        "Lot Number": 100
      },
      {
        "Lot Number": 98
      },
      {
        "Lot Number": 94
      },
      {
        "Lot Number": 90
      },
      {
        "Lot Number": 89
      },
      {
        "Lot Number": 83
      },
      {
        "Lot Number": 81
      },
      {
        "Lot Number": 80
      },
      {
        "Lot Number": 78
      },
      {
        "Lot Number": 77
      },
      {
        "Lot Number": 69
      },
      {
        "Lot Number": 67
      },
      {
        "Lot Number": 66
      },
      {
        "Lot Number": 65
      },
      {
        "Lot Number": 63
      },
      {
        "Lot Number": 61
      },
      {
        "Lot Number": 60
      },
      {
        "Lot Number": 59
      },
      {
        "Lot Number": 57
      },
      {
        "Lot Number": 53
      },
      {
        "Lot Number": 52
      },
      {
        "Lot Number": 51
      },
      {
        "Lot Number": 49
      },
      {
        "Lot Number": 47
      },
      {
        "Lot Number": 45
      },
      {
        "Lot Number": 41
      },
      {
        "Lot Number": 39
      },
      {
        "Lot Number": 34
      },
      {
        "Lot Number": 29
      },
      {
        "Lot Number": 27
      },
      {
        "Lot Number": 25
      },
      {
        "Lot Number": 15
      },
      {
        "Lot Number": 9
      },
      {
        "Lot Number": 8
      },
      {
        "Lot Number": 7
      },
      {
        "Lot Number": 3
      }
    ]
  },
  "params": {},
  "propConfig": {
    "custom.LotList": {
      "binding": {
        "config": {
          "fallbackDelay": 2.5,
          "mode": "direct",
          "tagPath": "[HologicTagProvider_Brev]Hologic/CR/Reporte/LotList"
        },
        "transforms": [
          {
            "code": "\tl \u003d [int(i) for i in value]\n\tl.sort()\n\tl.reverse()\n\treturn [{\"Lot Number\": i} for i in l]",
            "type": "script"
          }
        ],
        "type": "tag"
      },
      "persistent": true
    }
  },
  "props": {
    "defaultSize": {
      "height": 421,
      "width": 378
    }
  },
  "root": {
    "children": [
      {
        "children": [
          {
            "meta": {
              "name": "Table"
            },
            "position": {
              "basis": "400px",
              "grow": 1
            },
            "propConfig": {
              "props.data": {
                "binding": {
                  "config": {
                    "path": "view.custom.LotList"
                  },
                  "type": "property"
                }
              }
            },
            "props": {
              "headerStyle": {
                "backgroundColor": "--div-13",
                "fontWeight": "bolder"
              },
              "style": {
                "borderStyle": "solid"
              }
            },
            "type": "ia.display.table"
          }
        ],
        "meta": {
          "name": "FlexContainer"
        },
        "position": {
          "basis": "441px"
        },
        "props": {
          "style": {
            "borderBottomLeftRadius": "10px",
            "borderBottomRightRadius": "10px",
            "borderTopLeftRadius": "10px",
            "borderTopRightRadius": "10px"
          }
        },
        "type": "ia.container.flex"
      }
    ],
    "meta": {
      "name": "root"
    },
    "props": {
      "direction": "column",
      "style": {
        "marginBottom": "10px",
        "marginLeft": "10px",
        "marginRight": "10px",
        "marginTop": "10px"
      }
    },
    "type": "ia.container.flex"
  }
}