{
  "custom": {},
  "params": {},
  "props": {
    "defaultSize": {
      "height": 768,
      "width": 1024
    }
  },
  "root": {
    "children": [
      {
        "meta": {
          "name": "Label"
        },
        "position": {
          "basis": "46px"
        },
        "props": {
          "style": {
            "backgroundColor": "--neutral-30",
            "borderBottomLeftRadius": 10,
            "borderBottomRightRadius": 10,
            "borderTopLeftRadius": 10,
            "borderTopRightRadius": 10,
            "fontFamily": "Roboto",
            "fontSize": 22,
            "fontWeight": "bolder",
            "marginBottom": 10,
            "marginLeft": 10,
            "marginRight": 10,
            "marginTop": 10,
            "paddingLeft": "9px"
          },
          "text": "Conexión de equipos:"
        },
        "type": "ia.display.label"
      },
      {
        "meta": {
          "name": "Label_0"
        },
        "position": {
          "basis": "32px"
        },
        "props": {
          "style": {
            "fontSize": 22,
            "fontWeight": "bolder"
          }
        },
        "type": "ia.display.label"
      },
      {
        "children": [
          {
            "meta": {
              "name": "EquiposConectados_PLC_0"
            },
            "position": {
              "basis": "383px"
            },
            "props": {
              "params": {
                "Name": "PLC Fixture 01 ",
                "PLC_PATH": "[HologicTagProvider_Brev]Hologic/CR/Conexion_Equipos/PLC_Fixture1"
              },
              "path": "Templates/EquiposConectados_PLC",
              "style": {
                "marginLeft": "5px",
                "marginRight": "5px"
              }
            },
            "type": "ia.display.view"
          },
          {
            "meta": {
              "name": "EquiposConectados_PLC"
            },
            "position": {
              "basis": "383px"
            },
            "props": {
              "params": {
                "Name": "PLC Fixture 02 ",
                "PLC_PATH": "[HologicTagProvider_Brev]Hologic/CR/Conexion_Equipos/PLC_Fixture2"
              },
              "path": "Templates/EquiposConectados_PLC",
              "style": {
                "marginLeft": "5px",
                "marginRight": "5px"
              }
            },
            "type": "ia.display.view"
          }
        ],
        "meta": {
          "name": "FlexContainer"
        },
        "position": {
          "basis": "563px"
        },
        "props": {
          "alignItems": "center",
          "justify": "center",
          "style": {
            "marginLeft": 1
          }
        },
        "type": "ia.container.flex"
      }
    ],
    "meta": {
      "name": "root"
    },
    "props": {
      "direction": "column"
    },
    "type": "ia.container.flex"
  }
}