{
  "custom": {
    "id": "28da9ced-9ab5-4c3b-b70d-867b9eb7f2d8"
  },
  "events": {
    "system": {
      "onStartup": {
        "config": {
          "script": "\tjsonData \u003d tag.read(\"[HologicTagProvider_Brev]Hologic/CR/Reporte/Reporte\")\n\ttry:\n\t\tAPI.Put_request_Limits()\n\t\tAPI.Put_request(jsonData)\n\texcept:\n\t\tpass"
        },
        "scope": "G",
        "type": "script"
      }
    }
  },
  "params": {},
  "propConfig": {
    "custom.id": {
      "binding": {
        "config": {
          "path": "session.props.id"
        },
        "type": "property"
      },
      "persistent": true
    }
  },
  "props": {
    "defaultSize": {
      "height": 768,
      "width": 1024
    }
  },
  "root": {
    "children": [
      {
        "meta": {
          "name": "mainWindowInfo"
        },
        "position": {
          "basis": "322px"
        },
        "props": {
          "path": "Templates/mainWindowInfo",
          "style": {
            "paddingRight": 10,
            "paddingTop": 10
          }
        },
        "type": "ia.display.view"
      }
    ],
    "meta": {
      "domId": "mainView",
      "name": "mainView"
    },
    "props": {
      "alignItems": "flex-end",
      "direction": "column",
      "justify": "space-between"
    },
    "type": "ia.container.flex"
  }
}