{
  "custom": {
    "Lower": 12.5,
    "Upper": 24.7
  },
  "params": {
    "p_inf": "[HologicTagProvider_Brev]Hologic/CR/Lim_Lower_PairDist",
    "p_sup": "[HologicTagProvider_Brev]Hologic/CR/Lim_Upper_PairDist"
  },
  "propConfig": {
    "custom.Lower": {
      "binding": {
        "config": {
          "path": "/root/limInf.props.value"
        },
        "type": "property"
      },
      "persistent": true
    },
    "custom.Upper": {
      "binding": {
        "config": {
          "path": "/root/limSup.props.value"
        },
        "type": "property"
      },
      "persistent": true
    },
    "params.p_inf": {
      "paramDirection": "input",
      "persistent": true
    },
    "params.p_sup": {
      "paramDirection": "input",
      "persistent": true
    }
  },
  "props": {
    "defaultSize": {
      "height": 205,
      "width": 412
    }
  },
  "root": {
    "children": [
      {
        "meta": {
          "name": "Label"
        },
        "position": {
          "basis": "32px"
        },
        "props": {
          "style": {
            "backgroundColor": "--neutral-30",
            "borderBottomLeftRadius": "30px",
            "borderBottomRightRadius": "30px",
            "borderTopLeftRadius": "30px",
            "borderTopRightRadius": "30px",
            "fontWeight": "600",
            "marginBottom": "5px",
            "marginTop": "5px",
            "textAlign": "center"
          },
          "text": "Límite superior"
        },
        "type": "ia.display.label"
      },
      {
        "meta": {
          "name": "limSup"
        },
        "position": {
          "basis": "32px"
        },
        "propConfig": {
          "props.inputBounds.minimum": {
            "binding": {
              "config": {
                "path": "view.custom.Lower"
              },
              "type": "property"
            }
          },
          "props.value": {
            "binding": {
              "config": {
                "fallbackDelay": 2.5,
                "mode": "direct",
                "tagPath": "[HologicTagProvider_Brev]Hologic/CR/Lim_Upper_PairDist"
              },
              "type": "tag"
            }
          }
        },
        "props": {
          "inputBounds": {}
        },
        "type": "ia.input.numeric-entry-field"
      },
      {
        "meta": {
          "name": "Label_0"
        },
        "position": {
          "basis": "32px"
        },
        "props": {
          "style": {
            "backgroundColor": "--neutral-30",
            "borderBottomLeftRadius": "30px",
            "borderBottomRightRadius": "30px",
            "borderTopLeftRadius": "30px",
            "borderTopRightRadius": "30px",
            "fontWeight": "600",
            "marginBottom": "5px",
            "marginTop": "5px",
            "textAlign": "center"
          },
          "text": "Límite inferior"
        },
        "type": "ia.display.label"
      },
      {
        "meta": {
          "name": "limInf"
        },
        "position": {
          "basis": "32px"
        },
        "propConfig": {
          "props.inputBounds.maximum": {
            "binding": {
              "config": {
                "path": "view.custom.Upper"
              },
              "type": "property"
            }
          },
          "props.value": {
            "binding": {
              "config": {
                "fallbackDelay": 2.5,
                "mode": "direct",
                "tagPath": "[HologicTagProvider_Brev]Hologic/CR/Lim_Lower_PairDist"
              },
              "type": "tag"
            }
          }
        },
        "props": {
          "inputBounds": {
            "minimum": 0
          }
        },
        "type": "ia.input.numeric-entry-field"
      },
      {
        "events": {
          "dom": {
            "onClick": {
              "config": {
                "script": "\ttry:\n\t\ttag.write(self.view.params.p_inf, self.view.custom.Lower)\n\t\ttag.write(self.view.params.p_sup, self.view.custom.Upper)\n\texcept:\n\t\tsystem.perspective.openPopup(id\u003d\"err\", view\u003d\"PopUps/advertenciaPopUp\", params \u003d {\"mess\": \"No se pudieron actualizar los datos\"})\n\telse:\n\t\ttry:\n\t\t\tAPI.Put_request_Limits()\n\t\texcept:\n\t\t\tpass\n\t\tsystem.perspective.openPopup(\"conf\", \"PopUps/Popup_Confirma\")\n\t\tsystem.perspective.closePopup(\"EditLims\")"
              },
              "scope": "G",
              "type": "script"
            }
          }
        },
        "meta": {
          "name": "Button"
        },
        "position": {
          "basis": "34px"
        },
        "props": {
          "image": {
            "icon": {
              "path": "material/save"
            }
          },
          "style": {
            "marginTop": "10px"
          },
          "text": "Guardar cambios"
        },
        "type": "ia.input.button"
      }
    ],
    "meta": {
      "name": "root"
    },
    "props": {
      "direction": "column",
      "style": {
        "paddingBottom": "5px",
        "paddingLeft": "5px",
        "paddingRight": "5px",
        "paddingTop": "5px"
      }
    },
    "type": "ia.container.flex"
  }
}