{
  "custom": {},
  "params": {
    "params": {},
    "size": "medium"
  },
  "propConfig": {
    "params.params": {
      "paramDirection": "input",
      "persistent": true
    },
    "params.size": {
      "paramDirection": "input"
    }
  },
  "props": {
    "defaultSize": {
      "height": 74
    }
  },
  "root": {
    "children": [
      {
        "children": [
          {
            "meta": {
              "hasDelegate": true,
              "name": "Spacer Start"
            },
            "position": {
              "basis": "16px",
              "shrink": 0
            },
            "props": {
              "text": " "
            },
            "type": "ia.display.label"
          },
          {
            "events": {
              "dom": {
                "onClick": {
                  "config": {
                    "id": "menu",
                    "type": "toggle"
                  },
                  "scope": "C",
                  "type": "dock"
                }
              }
            },
            "meta": {
              "name": "Menu Dock"
            },
            "position": {
              "basis": "24px",
              "shrink": 0
            },
            "props": {
              "path": "material/menu",
              "style": {
                "classes": "Header/Icon",
                "marginRight": "10px"
              }
            },
            "type": "ia.display.icon"
          },
          {
            "meta": {
              "name": "Hologic_Logo_no_tagline_PMS2756"
            },
            "position": {
              "basis": "90px",
              "grow": 3
            },
            "props": {
              "fit": {
                "mode": "cover"
              },
              "source": "/system/images/Hologic_Logo_no_tagline_PMS2756.png"
            },
            "type": "ia.display.image"
          }
        ],
        "meta": {
          "name": "LeftGrp_FlexContainer"
        },
        "position": {
          "basis": "226px"
        },
        "props": {
          "justify": "space-between"
        },
        "type": "ia.container.flex"
      },
      {
        "meta": {
          "name": "PagName"
        },
        "position": {
          "basis": "189px"
        },
        "propConfig": {
          "props.text": {
            "binding": {
              "config": {
                "path": "page.props.title"
              },
              "type": "property"
            }
          }
        },
        "props": {
          "style": {
            "classes": "ILM_Circuit/Text"
          }
        },
        "type": "ia.display.label"
      },
      {
        "children": [
          {
            "meta": {
              "hasDelegate": true,
              "name": "Spacer End"
            },
            "position": {
              "basis": "18px",
              "shrink": 0
            },
            "props": {
              "text": " "
            },
            "type": "ia.display.label"
          },
          {
            "meta": {
              "name": "Dropdown"
            },
            "position": {
              "basis": "110px",
              "shrink": 0
            },
            "propConfig": {
              "props.value": {
                "binding": {
                  "config": {
                    "bidirectional": true,
                    "path": "session.props.theme"
                  },
                  "type": "property"
                }
              }
            },
            "props": {
              "options": [
                {
                  "label": "light",
                  "value": "light"
                },
                {
                  "label": "light-cool",
                  "value": "light-cool"
                },
                {
                  "label": "light-warm",
                  "value": "light-warm"
                },
                {
                  "label": "dark",
                  "value": "dark"
                },
                {
                  "label": "dark-cool",
                  "value": "dark-cool"
                },
                {
                  "label": "dark-warm",
                  "value": "dark-warm"
                }
              ],
              "search": {
                "enabled": false
              },
              "style": {
                "classes": "Header/DropDown",
                "textAlign": "left"
              }
            },
            "type": "ia.input.dropdown"
          },
          {
            "events": {
              "dom": {
                "onClick": {
                  "config": {
                    "script": "\tif self.session.props.auth.authenticated:\n\t\tsystem.perspective.logout()\n\telse:\n\t\tsystem.perspective.login()"
                  },
                  "scope": "G",
                  "type": "script"
                }
              }
            },
            "meta": {
              "hasDelegate": true,
              "name": "Sign In"
            },
            "position": {
              "basis": "72px",
              "shrink": 0
            },
            "propConfig": {
              "position.display": {
                "binding": {
                  "config": {
                    "expression": "{view.params.size} !\u003d \"small\""
                  },
                  "type": "expr"
                }
              },
              "props.text": {
                "binding": {
                  "config": {
                    "path": "session.props.auth.user.userName"
                  },
                  "transforms": [
                    {
                      "expression": "if({value} \u003d null || len({value}) \u003d 0, \"Sign In\", {value})",
                      "type": "expression"
                    }
                  ],
                  "type": "property"
                }
              }
            },
            "props": {
              "style": {
                "classes": "Header/Icon",
                "cursor": "pointer",
                "marginLeft": "4px"
              }
            },
            "type": "ia.display.label"
          },
          {
            "events": {
              "dom": {
                "onClick": {
                  "config": {
                    "script": "\tif self.session.props.auth.authenticated:\n\t\tsystem.perspective.logout()\n\telse:\n\t\tsystem.perspective.login()"
                  },
                  "scope": "G",
                  "type": "script"
                }
              }
            },
            "meta": {
              "name": "User"
            },
            "position": {
              "basis": "33px",
              "shrink": 0
            },
            "props": {
              "path": "material/person",
              "style": {
                "classes": "Header/Icon"
              }
            },
            "type": "ia.display.icon"
          },
          {
            "events": {
              "dom": {
                "onClick": {
                  "config": {
                    "page": "/alarms"
                  },
                  "scope": "C",
                  "type": "nav"
                }
              }
            },
            "meta": {
              "name": "Alarm Icon"
            },
            "position": {
              "basis": "33px",
              "shrink": 0
            },
            "propConfig": {
              "props.color": {
                "binding": {
                  "config": {
                    "expression": "if({../Alarms.custom.numAlarms} \u003e 0, 1+{[System]Gateway/UptimeSeconds}%2, 0)"
                  },
                  "transforms": [
                    {
                      "fallback": null,
                      "inputType": "scalar",
                      "mappings": [
                        {
                          "input": 0,
                          "output": "--neutral-90"
                        },
                        {
                          "input": 1,
                          "output": "--error"
                        },
                        {
                          "input": 2,
                          "output": "--neutral-60"
                        }
                      ],
                      "outputType": "scalar",
                      "type": "map"
                    }
                  ],
                  "type": "expr"
                }
              },
              "props.style.classes": {
                "binding": {
                  "config": {
                    "path": "../Alarms.custom.numAlarms"
                  },
                  "transforms": [
                    {
                      "expression": "if({value} \u003e 0, \"Header/Alarm_Active\", \"Header/Icon\")",
                      "type": "expression"
                    }
                  ],
                  "type": "property"
                }
              }
            },
            "props": {
              "path": "material/alarm"
            },
            "type": "ia.display.icon"
          },
          {
            "events": {
              "dom": {
                "onClick": {
                  "config": {
                    "page": "/alarms"
                  },
                  "scope": "C",
                  "type": "nav"
                }
              }
            },
            "meta": {
              "hasDelegate": true,
              "name": "Alarms"
            },
            "position": {
              "shrink": 0
            },
            "propConfig": {
              "custom.numAlarms": {
                "binding": {
                  "config": {
                    "expression": "now(2000)"
                  },
                  "transforms": [
                    {
                      "code": "\t\t\n\t\t\n\treturn len(system.alarm.queryStatus(state\u003d[\"Activeunacked\",\"Clearunacked\"],provider\u003d[\"HologicTagProvider\"],priority\u003d[\"Low\",\"Medium\",\"High\",\"Critical\"]))",
                      "type": "script"
                    }
                  ],
                  "type": "expr"
                }
              },
              "position.display": {
                "binding": {
                  "config": {
                    "expression": "{view.params.size} !\u003d \"small\""
                  },
                  "type": "expr"
                }
              },
              "props.style.classes": {
                "binding": {
                  "config": {
                    "path": "../Alarms.custom.numAlarms"
                  },
                  "transforms": [
                    {
                      "expression": "if({value} \u003e 0, \"Header/Alarm_Active\", \"\")",
                      "type": "expression"
                    }
                  ],
                  "type": "property"
                }
              },
              "props.text": {
                "binding": {
                  "config": {
                    "path": "this.custom.numAlarms"
                  },
                  "transforms": [
                    {
                      "expression": "numberFormat({value}, \"#,##0\") + \" alarm\" + if({value} \u003e 1 || {value} \u003d 0, \"s\", \"\")",
                      "type": "expression"
                    }
                  ],
                  "type": "property"
                }
              },
              "props.textStyle.color": {
                "binding": {
                  "config": {
                    "expression": "if({../Alarms.custom.numAlarms} \u003e 0, 1+{[System]Gateway/UptimeSeconds}%2, 0)"
                  },
                  "transforms": [
                    {
                      "fallback": null,
                      "inputType": "scalar",
                      "mappings": [
                        {
                          "input": 0,
                          "output": "--neutral-90"
                        },
                        {
                          "input": 1,
                          "output": "--error"
                        },
                        {
                          "input": 2,
                          "output": "--neutral-60"
                        }
                      ],
                      "outputType": "scalar",
                      "type": "map"
                    }
                  ],
                  "type": "expr"
                }
              }
            },
            "props": {
              "style": {
                "cursor": "pointer",
                "marginLeft": "6px"
              }
            },
            "type": "ia.display.label"
          },
          {
            "meta": {
              "name": "Audio"
            },
            "position": {
              "basis": "300px"
            },
            "propConfig": {
              "props.play": {
                "binding": {
                  "config": {
                    "expression": "if ({../Alarms.custom.numAlarms}\u003e0,true,false)"
                  },
                  "type": "expr"
                }
              }
            },
            "props": {
              "loop": true,
              "source": "/alarmsound.mp3"
            },
            "type": "ia.display.audio"
          }
        ],
        "meta": {
          "name": "Right_FlexContainer"
        },
        "position": {
          "basis": "373px"
        },
        "type": "ia.container.flex"
      }
    ],
    "meta": {
      "name": "root"
    },
    "propConfig": {
      "props.style.backgroundColor": {
        "binding": {
          "config": {
            "path": "session.props.theme"
          },
          "transforms": [
            {
              "code": "\tif \"dark\" in value:\n\t\treturn \"var(--neutral-10)\"\n\telse:\n\t\treturn \"var(--neutral-30)\"",
              "type": "script"
            }
          ],
          "type": "property"
        }
      }
    },
    "props": {
      "justify": "space-between",
      "style": {
        "classes": "Header/Header"
      }
    },
    "type": "ia.container.flex"
  }
}