{
  "custom": {
    "HostName": "10.16.20.20",
    "Low_rev": 11,
    "Status": "Program mode",
    "Up_rev": 36,
    "connected": false
  },
  "params": {
    "Name": "PLC Fixture 01 ",
    "PLC_PATH": "[HologicTagProvider_Brev]Hologic/CR/Conexion_Equipos/PLC_Fixture2"
  },
  "propConfig": {
    "custom.HostName": {
      "binding": {
        "config": {
          "fallbackDelay": 2.5,
          "mode": "expression",
          "tagPath": "{view.params.PLC_PATH}+\"/Hostname\""
        },
        "type": "tag"
      },
      "persistent": true
    },
    "custom.Low_rev": {
      "binding": {
        "config": {
          "fallbackDelay": 2.5,
          "mode": "direct",
          "publishInitial": false,
          "tagPath": "[HologicTagProvider_Brev]Hologic/CR/Conexion_Equipos/PLC_Fixture2/Device/MinorRevision"
        },
        "type": "tag"
      },
      "persistent": true
    },
    "custom.Producto": {
      "binding": {
        "config": {
          "fallbackDelay": 2.5,
          "mode": "expression",
          "tagPath": "{view.params.PLC_PATH}+\"/Device/ProductName\""
        },
        "type": "tag"
      }
    },
    "custom.Rev": {
      "binding": {
        "config": {
          "expression": "\"Desde : V.\" +{view.custom.Up_rev}+\" hasta: V.\"+{view.custom.Low_rev}"
        },
        "type": "expr"
      }
    },
    "custom.Status": {
      "binding": {
        "config": {
          "fallbackDelay": 2.5,
          "mode": "expression",
          "tagPath": "{view.params.PLC_PATH}+\"/Device/Status\""
        },
        "transforms": [
          {
            "code": "\treturn int(value)",
            "type": "script"
          },
          {
            "fallback": "Código no definido",
            "inputType": "scalar",
            "mappings": [
              {
                "input": -20128,
                "output": "Test mode"
              },
              {
                "input": 12640,
                "output": "Run mode"
              },
              {
                "input": 12656,
                "output": "Program mode"
              },
              {
                "input": 13648,
                "output": "Error"
              }
            ],
            "outputType": "scalar",
            "type": "map"
          }
        ],
        "type": "tag"
      },
      "persistent": true
    },
    "custom.Up_rev": {
      "binding": {
        "config": {
          "fallbackDelay": 2.5,
          "mode": "direct",
          "publishInitial": false,
          "tagPath": "[HologicTagProvider_Brev]Hologic/CR/Conexion_Equipos/PLC_Fixture2/Device/MajorRevision"
        },
        "type": "tag"
      },
      "persistent": true
    },
    "custom.connected": {
      "binding": {
        "config": {
          "fallbackDelay": 2.5,
          "mode": "expression",
          "tagPath": "{view.params.PLC_PATH}+\"/connected\""
        },
        "type": "tag"
      },
      "persistent": true
    },
    "custom.err": {
      "binding": {
        "config": {
          "expression": "({view.custom.Status} \u003d\"Error\")||!{view.custom.connected}"
        },
        "type": "expr"
      }
    },
    "params.Name": {
      "paramDirection": "input",
      "persistent": true
    },
    "params.PLC_PATH": {
      "paramDirection": "input",
      "persistent": true
    }
  },
  "props": {
    "defaultSize": {
      "height": 431,
      "width": 393
    }
  },
  "root": {
    "children": [
      {
        "meta": {
          "name": "Label"
        },
        "position": {
          "basis": "32px"
        },
        "propConfig": {
          "props.text": {
            "binding": {
              "config": {
                "expression": "\"Información \"+{view.params.Name}"
              },
              "type": "expr"
            }
          }
        },
        "props": {
          "style": {
            "backgroundColor": "--div-13",
            "borderBottomLeftRadius": "10px",
            "borderBottomRightRadius": "10px",
            "borderTopLeftRadius": "10px",
            "borderTopRightRadius": "10px",
            "fontSize": 17,
            "fontWeight": "bolder",
            "textAlign": "center"
          }
        },
        "type": "ia.display.label"
      },
      {
        "children": [
          {
            "meta": {
              "name": "CLX"
            },
            "position": {
              "basis": "100px",
              "grow": 1
            },
            "propConfig": {
              "props.params.IPaddress": {
                "binding": {
                  "config": {
                    "path": "view.custom.HostName"
                  },
                  "type": "property"
                }
              },
              "props.params.Name": {
                "binding": {
                  "config": {
                    "path": "view.params.Name"
                  },
                  "type": "property"
                }
              },
              "props.params.StsCOM": {
                "binding": {
                  "config": {
                    "expression": "!{view.custom.err}"
                  },
                  "type": "expr"
                }
              }
            },
            "props": {
              "path": "Templates/ControllersSymbols/CLX"
            },
            "type": "ia.display.view"
          }
        ],
        "meta": {
          "name": "FlexContainer"
        },
        "position": {
          "basis": "117px"
        },
        "props": {
          "style": {
            "borderBottomLeftRadius": "10px",
            "borderBottomRightRadius": "10px",
            "borderStyle": "solid",
            "borderTopLeftRadius": "10px",
            "borderTopRightRadius": "10px",
            "borderWidth": "1px",
            "marginBottom": "8px",
            "marginLeft": "7px",
            "marginRight": "7px",
            "marginTop": "5px",
            "paddingBottom": "7px",
            "paddingLeft": "7px",
            "paddingRight": "7px",
            "paddingTop": "7px"
          }
        },
        "type": "ia.container.flex"
      },
      {
        "children": [
          {
            "children": [
              {
                "meta": {
                  "name": "Label"
                },
                "position": {
                  "basis": "100px"
                },
                "props": {
                  "style": {
                    "backgroundColor": "--div-12",
                    "borderBottomLeftRadius": "10px",
                    "borderBottomRightRadius": "10px",
                    "borderTopLeftRadius": "10px",
                    "borderTopRightRadius": "10px",
                    "fontWeight": "bolder",
                    "marginRight": "5px",
                    "textAlign": "center"
                  },
                  "text": "Conexión"
                },
                "type": "ia.display.label"
              },
              {
                "meta": {
                  "name": "Checkbox"
                },
                "position": {
                  "basis": "137px",
                  "grow": 1
                },
                "propConfig": {
                  "props.selected": {
                    "binding": {
                      "config": {
                        "path": "view.custom.connected"
                      },
                      "type": "property"
                    }
                  },
                  "props.text": {
                    "binding": {
                      "config": {
                        "path": "view.custom.connected"
                      },
                      "transforms": [
                        {
                          "code": "\treturn \"Conectado\" if value else \"Desconectado\"",
                          "type": "script"
                        }
                      ],
                      "type": "property"
                    }
                  }
                },
                "props": {
                  "enabled": false
                },
                "type": "ia.input.checkbox"
              },
              {
                "meta": {
                  "name": "Icon"
                },
                "position": {
                  "basis": "72px",
                  "grow": 1
                },
                "propConfig": {
                  "props.path": {
                    "binding": {
                      "config": {
                        "path": "view.custom.connected"
                      },
                      "transforms": [
                        {
                          "code": "\treturn \"material/power\" if value else \"material/power_off\"",
                          "type": "script"
                        }
                      ],
                      "type": "property"
                    }
                  }
                },
                "props": {
                  "style": {
                    "marginLeft": 10
                  }
                },
                "type": "ia.display.icon"
              }
            ],
            "meta": {
              "name": "FlexContainer_0"
            },
            "position": {
              "basis": "32px",
              "grow": 1
            },
            "type": "ia.container.flex"
          },
          {
            "children": [
              {
                "meta": {
                  "name": "Label"
                },
                "position": {
                  "basis": "100px"
                },
                "props": {
                  "style": {
                    "backgroundColor": "--div-12",
                    "borderBottomLeftRadius": "10px",
                    "borderBottomRightRadius": "10px",
                    "borderTopLeftRadius": "10px",
                    "borderTopRightRadius": "10px",
                    "fontWeight": "bolder",
                    "marginRight": "5px",
                    "textAlign": "center"
                  },
                  "text": "Status"
                },
                "type": "ia.display.label"
              },
              {
                "meta": {
                  "name": "Label_0"
                },
                "position": {
                  "basis": "143px",
                  "grow": 1
                },
                "propConfig": {
                  "props.text": {
                    "binding": {
                      "config": {
                        "path": "view.custom.Status"
                      },
                      "type": "property"
                    }
                  }
                },
                "type": "ia.display.label"
              }
            ],
            "meta": {
              "name": "FlexContainer_1"
            },
            "position": {
              "basis": "32px",
              "grow": 1
            },
            "props": {
              "style": {
                "marginTop": "4px"
              }
            },
            "type": "ia.container.flex"
          },
          {
            "children": [
              {
                "meta": {
                  "name": "Label"
                },
                "position": {
                  "basis": "100px"
                },
                "props": {
                  "style": {
                    "backgroundColor": "--div-12",
                    "borderBottomLeftRadius": "10px",
                    "borderBottomRightRadius": "10px",
                    "borderTopLeftRadius": "10px",
                    "borderTopRightRadius": "10px",
                    "fontWeight": "bolder",
                    "textAlign": "center"
                  },
                  "text": "Tipo"
                },
                "type": "ia.display.label"
              },
              {
                "meta": {
                  "name": "Label_0"
                },
                "position": {
                  "basis": "237px",
                  "grow": 1
                },
                "propConfig": {
                  "props.text": {
                    "binding": {
                      "config": {
                        "path": "view.custom.Producto"
                      },
                      "type": "property"
                    }
                  }
                },
                "type": "ia.display.label"
              }
            ],
            "meta": {
              "name": "FlexContainer_2"
            },
            "position": {
              "basis": "32px",
              "grow": 1
            },
            "props": {
              "style": {
                "marginTop": "4px"
              }
            },
            "type": "ia.container.flex"
          },
          {
            "children": [
              {
                "meta": {
                  "name": "Label"
                },
                "position": {
                  "basis": "100px"
                },
                "props": {
                  "style": {
                    "backgroundColor": "--div-12",
                    "borderBottomLeftRadius": "10px",
                    "borderBottomRightRadius": "10px",
                    "borderTopLeftRadius": "10px",
                    "borderTopRightRadius": "10px",
                    "fontWeight": "bolder",
                    "marginRight": "5px",
                    "textAlign": "center"
                  },
                  "text": "Revisión"
                },
                "type": "ia.display.label"
              },
              {
                "meta": {
                  "name": "Label_0"
                },
                "position": {
                  "basis": "220.1px",
                  "grow": 1
                },
                "propConfig": {
                  "props.text": {
                    "binding": {
                      "config": {
                        "path": "view.custom.Rev"
                      },
                      "type": "property"
                    }
                  }
                },
                "type": "ia.display.label"
              }
            ],
            "meta": {
              "name": "FlexContainer_3"
            },
            "position": {
              "basis": "32px",
              "grow": 1
            },
            "props": {
              "style": {
                "marginTop": "4px"
              }
            },
            "type": "ia.container.flex"
          }
        ],
        "meta": {
          "domId": "border",
          "name": "FlexContainer_3"
        },
        "position": {
          "basis": "200px",
          "grow": 1
        },
        "props": {
          "direction": "column",
          "style": {
            "marginBottom": 6,
            "marginLeft": 6,
            "marginRight": 6,
            "marginTop": 6,
            "paddingBottom": "4px",
            "paddingLeft": "4px",
            "paddingRight": "4px",
            "paddingTop": "4px"
          }
        },
        "type": "ia.container.flex"
      }
    ],
    "meta": {
      "domId": "shadow",
      "name": "root"
    },
    "props": {
      "direction": "column",
      "style": {
        "backgroundColor": "--neutral-20",
        "borderBottomLeftRadius": "10px",
        "borderBottomRightRadius": "10px",
        "borderStyle": "inset",
        "borderTopLeftRadius": "10px",
        "borderTopRightRadius": "10px",
        "borderWidth": "3px",
        "paddingBottom": "4px",
        "paddingLeft": "4px",
        "paddingRight": "4px",
        "paddingTop": "4px"
      }
    },
    "type": "ia.container.flex"
  }
}