{
  "custom": {
    "Estad": {
      "Cantidad_registros": 0,
      "Desviacion_STD": 0,
      "Excedieron_maximo": 0,
      "Excedieron_minimo": 0,
      "Kurtosis": 0,
      "Mediana": 0,
      "Piezas_buenas": 0,
      "Piezas_buenas_porc": 0,
      "Promedio": 0,
      "Varianza": 0,
      "max": 0,
      "min": 0,
      "quart_1": 0,
      "quart_2": 0,
      "quart_3": 0
    }
  },
  "params": {},
  "propConfig": {
    "custom.Estad": {
      "binding": {
        "config": {
          "fallbackDelay": 2.5,
          "mode": "direct",
          "publishInitial": false,
          "tagPath": "[HologicTagProvider_Brev]Hologic/CR/Reporte/Estadisticas_PD"
        },
        "type": "tag"
      },
      "persistent": true
    }
  },
  "props": {
    "defaultSize": {
      "height": 482,
      "width": 557
    }
  },
  "root": {
    "children": [
      {
        "meta": {
          "domId": "header",
          "name": "Label"
        },
        "position": {
          "basis": "43.8px"
        },
        "props": {
          "text": "Parametros",
          "textStyle": {
            "borderTopLeftRadius": "50px",
            "borderTopRightRadius": "50px",
            "color": "--Neutral-10",
            "fontFamily": "monospace",
            "fontSize": 45,
            "fontWeight": "bold",
            "textAlign": "left"
          }
        },
        "type": "ia.display.label"
      },
      {
        "meta": {
          "name": "Accordion"
        },
        "position": {
          "basis": "300px",
          "grow": 1
        },
        "props": {
          "items": [
            {
              "body": {
                "height": "140px",
                "style": {
                  "classes": "",
                  "margin": "16px"
                },
                "useDefaultViewHeight": false,
                "useDefaultViewWidth": false,
                "viewParams": {},
                "viewPath": "Templates/Parametros/Estadisticas"
              },
              "expanded": true,
              "header": {
                "content": {
                  "style": {
                    "classes": "",
                    "fontWeight": "bolder"
                  },
                  "text": "Estadistícas",
                  "type": "text",
                  "useDefaultViewHeight": false,
                  "useDefaultViewWidth": false,
                  "viewParams": {},
                  "viewPath": ""
                },
                "height": "40px",
                "reverse": false,
                "style": {
                  "classes": ""
                },
                "toggle": {
                  "collapsedIcon": {
                    "color": "",
                    "path": "material/expand_more",
                    "style": {
                      "classes": ""
                    }
                  },
                  "enabled": true,
                  "expandedIcon": {
                    "color": "",
                    "path": "material/expand_less",
                    "style": {
                      "classes": ""
                    }
                  }
                }
              }
            },
            {
              "body": {
                "height": "auto",
                "style": {
                  "classes": "",
                  "margin": "16px"
                },
                "useDefaultViewHeight": false,
                "useDefaultViewWidth": false,
                "viewParams": {},
                "viewPath": "Templates/Parametros/Calidad"
              },
              "expanded": true,
              "header": {
                "content": {
                  "style": {
                    "classes": "",
                    "fontWeight": "bolder"
                  },
                  "text": "Calidad",
                  "type": "text",
                  "useDefaultViewHeight": false,
                  "useDefaultViewWidth": false,
                  "viewParams": {},
                  "viewPath": ""
                },
                "height": "40px",
                "reverse": false,
                "style": {
                  "classes": ""
                },
                "toggle": {
                  "collapsedIcon": {
                    "color": "",
                    "path": "material/expand_more",
                    "style": {
                      "classes": ""
                    }
                  },
                  "enabled": true,
                  "expandedIcon": {
                    "color": "",
                    "path": "material/expand_less",
                    "style": {
                      "classes": ""
                    }
                  }
                }
              }
            },
            {
              "body": {
                "height": "auto",
                "style": {
                  "classes": "",
                  "margin": "16px"
                },
                "useDefaultViewHeight": false,
                "useDefaultViewWidth": false,
                "viewParams": {},
                "viewPath": "Templates/Parametros/Quart"
              },
              "expanded": true,
              "header": {
                "content": {
                  "style": {
                    "classes": "",
                    "fontWeight": "bolder"
                  },
                  "text": "Distribución",
                  "type": "text",
                  "useDefaultViewHeight": false,
                  "useDefaultViewWidth": false,
                  "viewParams": {},
                  "viewPath": ""
                },
                "height": "40px",
                "reverse": false,
                "style": {
                  "classes": ""
                },
                "toggle": {
                  "collapsedIcon": {
                    "color": "",
                    "path": "material/expand_more",
                    "style": {
                      "classes": ""
                    }
                  },
                  "enabled": true,
                  "expandedIcon": {
                    "color": "",
                    "path": "material/expand_less",
                    "style": {
                      "classes": ""
                    }
                  }
                }
              }
            }
          ]
        },
        "type": "ia.display.accordion"
      }
    ],
    "meta": {
      "name": "root"
    },
    "props": {
      "direction": "column",
      "style": {
        "borderBottomLeftRadius": "20px",
        "borderBottomRightRadius": "20px",
        "borderTopLeftRadius": "20px",
        "borderTopRightRadius": "20px"
      }
    },
    "type": "ia.container.flex"
  }
}