{
  "base": {
    "style": {
      "backgroundColor": "var(--qual-8)",
      "borderStyle": "solid",
      "borderWidth": "3px",
      "borderTopLeftRadius": "15px",
      "borderTopRightRadius": "70px",
      "borderBottomLeftRadius": "15px",
      "borderBottomRightRadius": "70px",
      "color": "var(--neutral-10)",
      "fontSize": "25px",
      "fontWeight": "bolder",
      "marginBottom": "10px",
      "marginLeft": "2px",
      "marginRight": "2px",
      "marginTop": "5px",
      "paddingLeft": "5px"
    }
  }
}