{
  "custom": {},
  "params": {
    "label": "value",
    "value": "value"
  },
  "propConfig": {
    "params.label": {
      "paramDirection": "input",
      "persistent": true
    },
    "params.value": {
      "paramDirection": "input",
      "persistent": true
    }
  },
  "props": {
    "defaultSize": {
      "height": 59,
      "width": 426
    }
  },
  "root": {
    "children": [
      {
        "meta": {
          "name": "Label"
        },
        "position": {
          "basis": "240px"
        },
        "propConfig": {
          "props.text": {
            "binding": {
              "config": {
                "path": "view.params.label"
              },
              "type": "property"
            }
          }
        },
        "props": {
          "style": {
            "backgroundColor": "--neutral-40",
            "borderBottomLeftRadius": "20px",
            "borderBottomRightRadius": "20px",
            "borderTopLeftRadius": "20px",
            "borderTopRightRadius": "20px",
            "fontWeight": "bolder",
            "textAlign": "center"
          }
        },
        "type": "ia.display.label"
      },
      {
        "meta": {
          "name": "Label_0"
        },
        "position": {
          "basis": "104px",
          "grow": 1
        },
        "propConfig": {
          "props.text": {
            "binding": {
              "config": {
                "path": "view.params.value"
              },
              "type": "property"
            }
          }
        },
        "props": {
          "style": {
            "fontFamily": "Roboto",
            "marginLeft": "10px"
          }
        },
        "type": "ia.display.label"
      }
    ],
    "meta": {
      "name": "root"
    },
    "type": "ia.container.flex"
  }
}