{
  "custom": {
    "CommState": null,
    "CommStateFilter": true,
    "DebounceTmrSP": 5
  },
  "params": {
    "Name": "LP07",
    "nodo": 7
  },
  "propConfig": {
    "custom.CommState": {
      "binding": {
        "config": {
          "fallbackDelay": 2.5,
          "mode": "indirect",
          "references": {
            "1": "{view.params.nodo}"
          },
          "tagPath": "[HologicTagProvider]Hologic/CR/PANEL_ILUMINACION/LP{1}_MB_R01"
        },
        "type": "tag"
      },
      "persistent": true
    },
    "custom.DebounceTmrSP": {
      "persistent": true
    },
    "custom.TimerDebounce": {
      "binding": {
        "config": {
          "expression": "{[System]Gateway/UptimeSeconds}"
        },
        "transforms": [
          {
            "code": "\t\n\tif self.custom.CommState \u003d\u003d False:\n\t\tself.custom.TimerDebounce +\u003d 1\n\t\t\n\tif self.custom.TimerDebounce \u003e self.custom.DebounceTmrSP:\n\t\tself.custom.CommStateFilter \u003d False\n\t\t\n\tif self.custom.TimerDebounce \u003e self.custom.DebounceTmrSP or self.custom.CommState \u003d\u003d True:\n\t\tself.custom.TimerDebounce \u003d 0\n\t\t\n\tif\tself.custom.CommState \u003d\u003d True:\n\t\tself.custom.CommStateFilter \u003d True\n\t\t\n\treturn self.custom.TimerDebounce\n\t",
            "type": "script"
          }
        ],
        "type": "expr"
      }
    },
    "params.Name": {
      "paramDirection": "input",
      "persistent": true
    },
    "params.nodo": {
      "paramDirection": "input",
      "persistent": true
    }
  },
  "props": {
    "defaultSize": {
      "height": 84,
      "width": 115
    }
  },
  "root": {
    "children": [
      {
        "meta": {
          "name": "Label"
        },
        "position": {
          "basis": "22px"
        },
        "propConfig": {
          "props.text": {
            "binding": {
              "config": {
                "path": "view.params.Name"
              },
              "type": "property"
            }
          }
        },
        "props": {
          "style": {
            "classes": "Clean_Rooms/Text"
          }
        },
        "type": "ia.display.label"
      },
      {
        "children": [
          {
            "meta": {
              "name": "Label"
            },
            "position": {
              "height": 50,
              "width": 56,
              "x": 3.52813,
              "y": 4.974
            },
            "props": {
              "style": {
                "borderBottomLeftRadius": 1,
                "borderBottomRightRadius": 1,
                "borderStyle": "solid",
                "borderTopLeftRadius": 1,
                "borderTopRightRadius": 1,
                "borderWidth": 1
              }
            },
            "type": "ia.display.label"
          },
          {
            "meta": {
              "name": "Label_0"
            },
            "position": {
              "height": 49,
              "width": 15,
              "x": 43.83,
              "y": 5.35
            },
            "props": {
              "style": {
                "borderBottomLeftRadius": 1,
                "borderBottomRightRadius": 1,
                "borderStyle": "solid",
                "borderTopLeftRadius": 1,
                "borderTopRightRadius": 1,
                "borderWidth": 1
              }
            },
            "type": "ia.display.label"
          },
          {
            "meta": {
              "name": "Label_1"
            },
            "position": {
              "height": 10.13,
              "width": 10,
              "x": 21.882,
              "y": 34.1897
            },
            "props": {
              "style": {
                "borderBottomLeftRadius": 1,
                "borderBottomRightRadius": 1,
                "borderStyle": "solid",
                "borderTopLeftRadius": 1,
                "borderTopRightRadius": 1,
                "borderWidth": 1
              }
            },
            "type": "ia.display.label"
          },
          {
            "meta": {
              "name": "Label_2"
            },
            "position": {
              "height": 10.13,
              "width": 16.41,
              "x": 6.67204,
              "y": 43.898
            },
            "props": {
              "style": {
                "fontSize": 9
              },
              "text": "LP"
            },
            "type": "ia.display.label"
          },
          {
            "meta": {
              "name": "Icon_7"
            },
            "position": {
              "height": 16.29,
              "width": 14.27,
              "x": 67.3724,
              "y": 5.939029999999999
            },
            "propConfig": {
              "props.color": {
                "binding": {
                  "config": {
                    "path": "view.custom.CommStateFilter"
                  },
                  "transforms": [
                    {
                      "fallback": "#AAAAAA",
                      "inputType": "scalar",
                      "mappings": [
                        {
                          "input": true,
                          "output": "#47FF47"
                        },
                        {
                          "input": false,
                          "output": "#FF4747"
                        }
                      ],
                      "outputType": "color",
                      "type": "map"
                    }
                  ],
                  "type": "property"
                }
              }
            },
            "props": {
              "path": "material/lens"
            },
            "type": "ia.display.icon"
          },
          {
            "meta": {
              "name": "Label_8"
            },
            "position": {
              "height": 10.13,
              "width": 21.42,
              "x": 83.4324,
              "y": 8.98903
            },
            "propConfig": {
              "props.text": {
                "binding": {
                  "config": {
                    "path": "view.custom.CommStateFilter"
                  },
                  "transforms": [
                    {
                      "fallback": null,
                      "inputType": "scalar",
                      "mappings": [
                        {
                          "input": true,
                          "output": "OK"
                        },
                        {
                          "input": false,
                          "output": "Falla"
                        }
                      ],
                      "outputType": "scalar",
                      "type": "map"
                    }
                  ],
                  "type": "property"
                }
              }
            },
            "props": {
              "style": {
                "fontSize": 12
              }
            },
            "type": "ia.display.label"
          },
          {
            "meta": {
              "name": "Label_3"
            },
            "position": {
              "height": 18,
              "width": 30,
              "x": 12.36,
              "y": 12.34
            },
            "props": {
              "style": {
                "borderBottomLeftRadius": 1,
                "borderBottomRightRadius": 1,
                "borderStyle": "solid",
                "borderTopLeftRadius": 1,
                "borderTopRightRadius": 1,
                "borderWidth": 1
              }
            },
            "type": "ia.display.label"
          }
        ],
        "meta": {
          "name": "CoordinateContainer"
        },
        "position": {
          "basis": "76px"
        },
        "type": "ia.container.coord"
      }
    ],
    "meta": {
      "name": "root"
    },
    "props": {
      "direction": "column"
    },
    "type": "ia.container.flex"
  }
}