{
  "custom": {
    "CommState": null
  },
  "params": {
    "IPaddress": "10.1.1.1",
    "Name": "XXXX"
  },
  "propConfig": {
    "custom.CommState": {
      "binding": {
        "config": {
          "expression": "{[System]Gateway/UptimeSeconds}%4"
        },
        "transforms": [
          {
            "code": "\tIPaddress\u003dself.params.IPaddress\n\t\n\tr\u003dNetworkAnalysis.ping(IPaddress, 1000)\t\n\t\n\n\treturn r",
            "type": "script"
          }
        ],
        "type": "expr"
      },
      "persistent": true
    },
    "params.IPaddress": {
      "paramDirection": "input",
      "persistent": true
    },
    "params.Name": {
      "paramDirection": "input",
      "persistent": true
    }
  },
  "props": {
    "defaultSize": {
      "height": 98,
      "width": 161
    }
  },
  "root": {
    "children": [
      {
        "meta": {
          "name": "Label"
        },
        "position": {
          "basis": "22px"
        },
        "propConfig": {
          "props.text": {
            "binding": {
              "config": {
                "path": "view.params.Name"
              },
              "type": "property"
            }
          }
        },
        "props": {
          "style": {
            "classes": "Clean_Rooms/Text"
          }
        },
        "type": "ia.display.label"
      },
      {
        "children": [
          {
            "meta": {
              "name": "Label"
            },
            "position": {
              "height": 70,
              "width": 32,
              "x": 5.7,
              "y": 3.5
            },
            "props": {
              "style": {
                "borderBottomLeftRadius": 1,
                "borderBottomRightRadius": 1,
                "borderStyle": "solid",
                "borderTopLeftRadius": 1,
                "borderTopRightRadius": 1,
                "borderWidth": 1
              }
            },
            "type": "ia.display.label"
          },
          {
            "meta": {
              "name": "Label_0"
            },
            "position": {
              "height": 10.13,
              "width": 10,
              "x": 21.83,
              "y": 31.35
            },
            "props": {
              "style": {
                "borderBottomLeftRadius": 1,
                "borderBottomRightRadius": 1,
                "borderStyle": "solid",
                "borderTopLeftRadius": 1,
                "borderTopRightRadius": 1,
                "borderWidth": 1
              }
            },
            "type": "ia.display.label"
          },
          {
            "meta": {
              "name": "Label_1"
            },
            "position": {
              "height": 10.13,
              "width": 10,
              "x": 21.83,
              "y": 46.1688
            },
            "props": {
              "style": {
                "borderBottomLeftRadius": 1,
                "borderBottomRightRadius": 1,
                "borderStyle": "solid",
                "borderTopLeftRadius": 1,
                "borderTopRightRadius": 1,
                "borderWidth": 1
              }
            },
            "type": "ia.display.label"
          },
          {
            "meta": {
              "name": "Label_4"
            },
            "position": {
              "height": 70,
              "width": 18,
              "x": 38.5,
              "y": 3.5
            },
            "props": {
              "style": {
                "borderBottomLeftRadius": 1,
                "borderBottomRightRadius": 1,
                "borderStyle": "solid",
                "borderTopLeftRadius": 1,
                "borderTopRightRadius": 1,
                "borderWidth": 1
              }
            },
            "type": "ia.display.label"
          },
          {
            "meta": {
              "name": "Label_5"
            },
            "position": {
              "height": 10.13,
              "width": 9.9,
              "x": 42.55,
              "y": 6.89
            },
            "props": {
              "style": {
                "borderBottomLeftRadius": 1,
                "borderBottomRightRadius": 1,
                "borderStyle": "solid",
                "borderTopLeftRadius": 1,
                "borderTopRightRadius": 1,
                "borderWidth": 1
              }
            },
            "type": "ia.display.label"
          },
          {
            "meta": {
              "name": "Icon"
            },
            "position": {
              "height": 3.16,
              "width": 3.6,
              "x": 45.7,
              "y": 20.51
            },
            "props": {
              "path": "material/lens"
            },
            "type": "ia.display.icon"
          },
          {
            "meta": {
              "name": "Icon_0"
            },
            "position": {
              "height": 3.17,
              "width": 3.6,
              "x": 45.7,
              "y": 28.11
            },
            "props": {
              "path": "material/lens"
            },
            "type": "ia.display.icon"
          },
          {
            "meta": {
              "name": "Icon_1"
            },
            "position": {
              "height": 3.16,
              "width": 3.6,
              "x": 45.7,
              "y": 35.71
            },
            "props": {
              "path": "material/lens"
            },
            "type": "ia.display.icon"
          },
          {
            "meta": {
              "name": "Icon_2"
            },
            "position": {
              "height": 3.16,
              "width": 3.6,
              "x": 45.7,
              "y": 43.31
            },
            "props": {
              "path": "material/lens"
            },
            "type": "ia.display.icon"
          },
          {
            "meta": {
              "name": "Label_2"
            },
            "position": {
              "height": 10.13,
              "width": 16.41,
              "x": 11.62,
              "y": 60.95
            },
            "props": {
              "style": {
                "fontSize": 9
              },
              "text": "IO"
            },
            "type": "ia.display.label"
          },
          {
            "meta": {
              "name": "Icon_7"
            },
            "position": {
              "height": 16.29,
              "width": 14.27,
              "x": 108.26283635559082,
              "y": 3.5015257629394547
            },
            "propConfig": {
              "props.color": {
                "binding": {
                  "config": {
                    "path": "view.custom.CommState"
                  },
                  "transforms": [
                    {
                      "fallback": "#AAAAAA",
                      "inputType": "scalar",
                      "mappings": [
                        {
                          "input": true,
                          "output": "#47FF47"
                        },
                        {
                          "input": false,
                          "output": "#FF4747"
                        }
                      ],
                      "outputType": "color",
                      "type": "map"
                    }
                  ],
                  "type": "property"
                }
              }
            },
            "props": {
              "path": "material/lens"
            },
            "type": "ia.display.icon"
          },
          {
            "meta": {
              "name": "Label_8"
            },
            "position": {
              "height": 10.13,
              "width": 21.42,
              "x": 124.32293635559083,
              "y": 6.551525762939452
            },
            "propConfig": {
              "props.text": {
                "binding": {
                  "config": {
                    "path": "view.custom.CommState"
                  },
                  "transforms": [
                    {
                      "fallback": null,
                      "inputType": "scalar",
                      "mappings": [
                        {
                          "input": true,
                          "output": "OK"
                        },
                        {
                          "input": false,
                          "output": "Falla"
                        }
                      ],
                      "outputType": "scalar",
                      "type": "map"
                    }
                  ],
                  "type": "property"
                }
              }
            },
            "props": {
              "style": {
                "fontSize": 12
              }
            },
            "type": "ia.display.label"
          },
          {
            "meta": {
              "name": "IPAddress_LBL"
            },
            "position": {
              "height": 10,
              "width": 61,
              "x": 99.591,
              "y": 26.0641
            },
            "propConfig": {
              "props.text": {
                "binding": {
                  "config": {
                    "path": "view.params.IPaddress"
                  },
                  "type": "property"
                }
              }
            },
            "props": {
              "style": {
                "fontSize": 10
              }
            },
            "type": "ia.display.label"
          },
          {
            "meta": {
              "name": "Label_3"
            },
            "position": {
              "height": 18,
              "width": 20,
              "x": 11.83,
              "y": 7.37
            },
            "props": {
              "style": {
                "borderBottomLeftRadius": 1,
                "borderBottomRightRadius": 1,
                "borderStyle": "solid",
                "borderTopLeftRadius": 1,
                "borderTopRightRadius": 1,
                "borderWidth": 1
              }
            },
            "type": "ia.display.label"
          },
          {
            "meta": {
              "name": "Label_6"
            },
            "position": {
              "height": 70,
              "width": 18,
              "x": 57.5,
              "y": 3.5
            },
            "props": {
              "style": {
                "borderBottomLeftRadius": 1,
                "borderBottomRightRadius": 1,
                "borderStyle": "solid",
                "borderTopLeftRadius": 1,
                "borderTopRightRadius": 1,
                "borderWidth": 1
              }
            },
            "type": "ia.display.label"
          },
          {
            "meta": {
              "name": "Icon_3"
            },
            "position": {
              "height": 3.16,
              "width": 3.6,
              "x": 64.7,
              "y": 43.31
            },
            "props": {
              "path": "material/lens"
            },
            "type": "ia.display.icon"
          },
          {
            "meta": {
              "name": "Icon_4"
            },
            "position": {
              "height": 3.16,
              "width": 3.6,
              "x": 64.7,
              "y": 35.71
            },
            "props": {
              "path": "material/lens"
            },
            "type": "ia.display.icon"
          },
          {
            "meta": {
              "name": "Icon_5"
            },
            "position": {
              "height": 3.17,
              "width": 3.6,
              "x": 64.7,
              "y": 28.11
            },
            "props": {
              "path": "material/lens"
            },
            "type": "ia.display.icon"
          },
          {
            "meta": {
              "name": "Icon_6"
            },
            "position": {
              "height": 3.16,
              "width": 3.6,
              "x": 64.7,
              "y": 20.51
            },
            "props": {
              "path": "material/lens"
            },
            "type": "ia.display.icon"
          },
          {
            "meta": {
              "name": "Label_7"
            },
            "position": {
              "height": 10.13,
              "width": 9.9,
              "x": 61.55,
              "y": 6.89
            },
            "props": {
              "style": {
                "borderBottomLeftRadius": 1,
                "borderBottomRightRadius": 1,
                "borderStyle": "solid",
                "borderTopLeftRadius": 1,
                "borderTopRightRadius": 1,
                "borderWidth": 1
              }
            },
            "type": "ia.display.label"
          },
          {
            "meta": {
              "name": "Label_9"
            },
            "position": {
              "height": 70,
              "width": 18,
              "x": 76.5,
              "y": 3.5
            },
            "props": {
              "style": {
                "borderBottomLeftRadius": 1,
                "borderBottomRightRadius": 1,
                "borderStyle": "solid",
                "borderTopLeftRadius": 1,
                "borderTopRightRadius": 1,
                "borderWidth": 1
              }
            },
            "type": "ia.display.label"
          },
          {
            "meta": {
              "name": "Icon_8"
            },
            "position": {
              "height": 3.16,
              "width": 3.6,
              "x": 83.7,
              "y": 43.31
            },
            "props": {
              "path": "material/lens"
            },
            "type": "ia.display.icon"
          },
          {
            "meta": {
              "name": "Icon_9"
            },
            "position": {
              "height": 3.16,
              "width": 3.6,
              "x": 83.7,
              "y": 35.71
            },
            "props": {
              "path": "material/lens"
            },
            "type": "ia.display.icon"
          },
          {
            "meta": {
              "name": "Icon_10"
            },
            "position": {
              "height": 3.17,
              "width": 3.6,
              "x": 83.7,
              "y": 28.11
            },
            "props": {
              "path": "material/lens"
            },
            "type": "ia.display.icon"
          },
          {
            "meta": {
              "name": "Icon_11"
            },
            "position": {
              "height": 3.16,
              "width": 3.6,
              "x": 83.7,
              "y": 20.51
            },
            "props": {
              "path": "material/lens"
            },
            "type": "ia.display.icon"
          },
          {
            "meta": {
              "name": "Label_10"
            },
            "position": {
              "height": 10.13,
              "width": 9.9,
              "x": 80.55,
              "y": 6.89
            },
            "props": {
              "style": {
                "borderBottomLeftRadius": 1,
                "borderBottomRightRadius": 1,
                "borderStyle": "solid",
                "borderTopLeftRadius": 1,
                "borderTopRightRadius": 1,
                "borderWidth": 1
              }
            },
            "type": "ia.display.label"
          }
        ],
        "meta": {
          "name": "CoordinateContainer"
        },
        "position": {
          "basis": "76px"
        },
        "type": "ia.container.coord"
      }
    ],
    "meta": {
      "name": "root"
    },
    "props": {
      "direction": "column"
    },
    "type": "ia.container.flex"
  }
}