{
  "custom": {},
  "params": {},
  "props": {
    "defaultSize": {
      "height": "768[   {     \"type\": \"ia.display.label\",     \"version\": 0,     \"props\": {       \"text\": \"Conexión de equipos:\",       \"style\": {         \"backgroundColor\": \"--neutral-30\",         \"borderBottomLeftRadius\": 10,         \"borderBottomRightRadius\": 10,         \"borderTopLeftRadius\": 10,         \"borderTopRightRadius\": 10,         \"fontFamily\": \"Roboto\",         \"fontSize\": 22,         \"fontWeight\": \"bolder\",         \"marginBottom\": 10,         \"marginLeft\": 10,         \"marginRight\": 10,         \"marginTop\": 10,         \"paddingLeft\": \"9px\"       }     },     \"meta\": {       \"name\": \"Label\"     },     \"position\": {       \"basis\": \"46px\"     },     \"custom\": {}   } ]",
      "width": 1024
    }
  },
  "root": {
    "children": [
      {
        "meta": {
          "name": "Label"
        },
        "position": {
          "basis": "46px"
        },
        "props": {
          "style": {
            "backgroundColor": "--neutral-30",
            "borderBottomLeftRadius": 10,
            "borderBottomRightRadius": 10,
            "borderTopLeftRadius": 10,
            "borderTopRightRadius": 10,
            "fontFamily": "Roboto",
            "fontSize": 22,
            "fontWeight": "bolder",
            "marginBottom": 10,
            "marginTop": 10,
            "paddingLeft": "9px"
          },
          "text": "Visualización del reporte"
        },
        "type": "ia.display.label"
      },
      {
        "meta": {
          "name": "ReportViewer"
        },
        "position": {
          "basis": "266px",
          "grow": 1
        },
        "props": {
          "page": 1,
          "pageCount": 2,
          "source": "ReporteTrans",
          "zoomLevel": 25
        },
        "type": "ia.reporting.report-viewer"
      }
    ],
    "meta": {
      "name": "root"
    },
    "props": {
      "direction": "column",
      "style": {
        "marginBottom": 10,
        "marginLeft": 10,
        "marginRight": 10,
        "marginTop": 10
      }
    },
    "type": "ia.container.flex"
  }
}